txn_id,timestamp,sender_id,receiver_id,amount,merchant,city,status
TXN715942,2026-06-10 18:30:06,USR6070,USR9659,9727.83,Zomato,Delhi,SUCCESS
TXN720755,2026-06-10 18:30:06,USR8732,USR9494,13312.69,Flipkart,Chennai,FAILED
TXN338690,2026-06-10 18:30:06,USR3888,USR6048,36524.94,IRCTC,Hyderabad,FAILED
TXN792033,2026-06-10 18:30:06,USR2188,USR5319,32240.09,Swiggy,Chennai,FAILED
TXN941234,2026-06-10 18:30:06,USR1101,USR5058,39230.36,IRCTC,Mumbai,FAILED
TXN263155,2026-06-10 18:30:06,USR8986,USR2988,32515.43,Zomato,Pune,SUCCESS
TXN929973,2026-06-10 18:30:06,USR7436,USR7554,45606.04,BigBasket,Delhi,SUCCESS
TXN996118,2026-06-10 18:30:06,USR4031,USR3498,33552.41,Zomato,Bangalore,FAILED
TXN579900,2026-06-10 18:30:06,USR5100,USR6317,9681.05,Myntra,Mumbai,FAILED
TXN356805,2026-06-10 18:30:06,USR1020,USR7162,43212.35,IRCTC,Delhi,PENDING
TXN952489,2026-06-10 18:30:06,USR4103,USR2102,38490.49,Flipkart,Delhi,FAILED
TXN836647,2026-06-10 18:30:06,USR3315,USR8331,44216.86,Zomato,Delhi,SUCCESS
TXN850245,2026-06-10 18:30:06,USR1282,USR8566,48181.16,BigBasket,Pune,FAILED
TXN882136,2026-06-10 18:30:06,USR7230,USR6003,39631.07,Zomato,Hyderabad,PENDING
TXN429456,2026-06-10 18:30:06,USR3172,USR6407,6837.89,IRCTC,Mumbai,PENDING
TXN363500,2026-06-10 18:30:06,USR7591,USR7699,40186.22,Amazon,Delhi,SUCCESS
TXN273658,2026-06-10 18:30:06,USR6804,USR8179,16097.74,IRCTC,Hyderabad,FAILED
TXN515937,2026-06-10 18:30:06,USR5004,USR6852,22068.62,BigBasket,Pune,SUCCESS
TXN795072,2026-06-10 18:30:06,USR2211,USR5057,15920.51,Swiggy,Delhi,PENDING
TXN457893,2026-06-10 18:30:06,USR5280,USR5308,18740.39,IRCTC,Bangalore,SUCCESS
TXN398147,2026-06-10 18:30:06,USR3700,USR1866,23896.48,Amazon,Mumbai,PENDING
TXN344943,2026-06-10 18:30:06,USR1476,USR2403,47343.25,BigBasket,Chennai,PENDING
TXN350851,2026-06-10 18:30:06,USR5985,USR1446,39060.9,IRCTC,Chennai,SUCCESS
TXN895018,2026-06-10 18:30:06,USR6015,USR9757,10241.22,Swiggy,Bangalore,PENDING
TXN644439,2026-06-10 18:30:06,USR1752,USR4058,39444.58,Zomato,Delhi,PENDING
TXN924520,2026-06-10 18:30:06,USR9583,USR5104,28307.11,Zomato,Pune,SUCCESS
TXN444238,2026-06-10 18:30:06,USR5587,USR9778,23952.93,Amazon,Delhi,PENDING
TXN413097,2026-06-10 18:30:06,USR2921,USR1679,42908.24,IRCTC,Hyderabad,SUCCESS
TXN331150,2026-06-10 18:30:06,USR2631,USR4048,494.24,IRCTC,Chennai,PENDING
TXN957550,2026-06-10 18:30:06,USR6921,USR4110,10845.07,Swiggy,Delhi,SUCCESS
TXN669367,2026-06-10 18:30:06,USR7971,USR9597,8897.74,Myntra,Delhi,PENDING
TXN813512,2026-06-10 18:30:06,USR5884,USR2442,27742.08,IRCTC,Bangalore,PENDING
TXN917887,2026-06-10 18:30:06,USR8658,USR5143,8364.38,Zomato,Chennai,PENDING
TXN323746,2026-06-10 18:30:06,USR5280,USR7708,6177.97,BigBasket,Delhi,FAILED
TXN336061,2026-06-10 18:30:06,USR7347,USR9205,13802.75,BigBasket,Chennai,SUCCESS
TXN810562,2026-06-10 18:30:06,USR2933,USR1023,38795.4,Zomato,Pune,PENDING
TXN398383,2026-06-10 18:30:06,USR8715,USR1972,6586.54,Myntra,Pune,PENDING
TXN527747,2026-06-10 18:30:06,USR8972,USR6862,903.65,Swiggy,Mumbai,SUCCESS
TXN339733,2026-06-10 18:30:06,USR7193,USR7974,32993.5,Zomato,Mumbai,PENDING
TXN588675,2026-06-10 18:30:06,USR9572,USR7644,18747.03,Flipkart,Bangalore,FAILED
TXN663050,2026-06-10 18:30:06,USR7712,USR2321,21603.66,Myntra,Delhi,SUCCESS
TXN551558,2026-06-10 18:30:06,USR4716,USR4142,13072.82,IRCTC,Mumbai,SUCCESS
TXN341194,2026-06-10 18:30:06,USR2788,USR5849,39078.29,Amazon,Chennai,FAILED
TXN514041,2026-06-10 18:30:06,USR2051,USR9644,45521.62,Flipkart,Mumbai,PENDING
TXN475955,2026-06-10 18:30:06,USR1922,USR7333,25089.16,Flipkart,Delhi,FAILED
TXN352416,2026-06-10 18:30:06,USR5273,USR8025,29262.66,IRCTC,Hyderabad,PENDING
TXN546115,2026-06-10 18:30:06,USR1937,USR5999,10168.05,Amazon,Mumbai,SUCCESS
TXN958991,2026-06-10 18:30:06,USR1410,USR5050,19514.54,Zomato,Pune,SUCCESS
TXN497265,2026-06-10 18:30:06,USR8506,USR4798,46461.95,Flipkart,Mumbai,FAILED
TXN474792,2026-06-10 18:30:06,USR9291,USR7980,38330.94,BigBasket,Hyderabad,PENDING
TXN630861,2026-06-10 18:30:06,USR3390,USR1301,29012.43,Myntra,Pune,PENDING
TXN410403,2026-06-10 18:30:06,USR7491,USR1232,43555.61,Zomato,Mumbai,FAILED
TXN223769,2026-06-10 18:30:06,USR9420,USR3470,21964.23,Zomato,Delhi,SUCCESS
TXN567384,2026-06-10 18:30:06,USR4874,USR3738,30751.59,IRCTC,Pune,FAILED
TXN753287,2026-06-10 18:30:06,USR9819,USR3629,19056.47,Amazon,Mumbai,FAILED
TXN278563,2026-06-10 18:30:06,USR9777,USR9111,39345.19,IRCTC,Delhi,SUCCESS
TXN355856,2026-06-10 18:30:06,USR5742,USR3821,13450.36,Flipkart,Mumbai,PENDING
TXN477825,2026-06-10 18:30:06,USR4168,USR2884,27160.1,Swiggy,Mumbai,SUCCESS
TXN330988,2026-06-10 18:30:06,USR7508,USR5892,4944.47,Zomato,Bangalore,PENDING
TXN514949,2026-06-10 18:30:06,USR7402,USR9371,40425.82,Myntra,Hyderabad,FAILED
TXN640802,2026-06-10 18:30:06,USR3303,USR2296,49335.97,Swiggy,Pune,PENDING
TXN142015,2026-06-10 18:30:06,USR4021,USR1391,40907.74,Swiggy,Chennai,PENDING
TXN140833,2026-06-10 18:30:06,USR1525,USR4688,28484.19,Flipkart,Chennai,SUCCESS
TXN163237,2026-06-10 18:30:06,USR2053,USR4301,49566.89,Myntra,Delhi,SUCCESS
TXN884089,2026-06-10 18:30:06,USR5479,USR2752,1115.3,BigBasket,Bangalore,FAILED
TXN482763,2026-06-10 18:30:06,USR3590,USR5650,5595.18,Swiggy,Bangalore,FAILED
TXN349250,2026-06-10 18:30:06,USR5313,USR6515,4503.94,Amazon,Hyderabad,FAILED
TXN965988,2026-06-10 18:30:06,USR3034,USR5015,20547.53,Zomato,Delhi,SUCCESS
TXN374498,2026-06-10 18:30:06,USR7669,USR7525,35673.44,Myntra,Pune,PENDING
TXN191152,2026-06-10 18:30:06,USR2807,USR3339,11895.6,IRCTC,Bangalore,SUCCESS
TXN937287,2026-06-10 18:30:06,USR2786,USR5262,27827.22,IRCTC,Bangalore,FAILED
TXN459656,2026-06-10 18:30:06,USR1330,USR5902,45775.3,Flipkart,Delhi,PENDING
TXN943060,2026-06-10 18:30:06,USR5150,USR3603,36875.45,Flipkart,Hyderabad,SUCCESS
TXN265714,2026-06-10 18:30:06,USR1616,USR5060,4347.91,IRCTC,Bangalore,PENDING
TXN250097,2026-06-10 18:30:06,USR6829,USR4836,28689.4,Amazon,Hyderabad,FAILED
TXN440301,2026-06-10 18:30:06,USR7492,USR3212,10972.46,Swiggy,Bangalore,SUCCESS
TXN834788,2026-06-10 18:30:06,USR7833,USR9980,36006.53,IRCTC,Mumbai,FAILED
TXN167979,2026-06-10 18:30:06,USR9750,USR7497,42116.21,Zomato,Mumbai,FAILED
TXN526067,2026-06-10 18:30:06,USR4793,USR1660,23583.58,BigBasket,Delhi,SUCCESS
TXN403642,2026-06-10 18:30:06,USR1410,USR2870,14439.62,Zomato,Delhi,PENDING
TXN852779,2026-06-10 18:30:06,USR5529,USR7425,40582.51,Myntra,Chennai,PENDING
TXN773528,2026-06-10 18:30:06,USR4300,USR6741,30441.84,BigBasket,Delhi,PENDING
TXN948643,2026-06-10 18:30:06,USR7343,USR2721,23242.02,Amazon,Bangalore,SUCCESS
TXN411956,2026-06-10 18:30:06,USR7135,USR6190,7431.55,Myntra,Bangalore,SUCCESS
TXN105323,2026-06-10 18:30:06,USR3774,USR2682,3788.46,Amazon,Bangalore,PENDING
TXN205809,2026-06-10 18:30:06,USR5614,USR6445,45576.45,IRCTC,Delhi,FAILED
TXN354560,2026-06-10 18:30:06,USR7739,USR1916,24389.13,Myntra,Mumbai,FAILED
TXN826227,2026-06-10 18:30:06,USR2168,USR2338,48248.37,Myntra,Hyderabad,PENDING
TXN113588,2026-06-10 18:30:06,USR9419,USR8599,8633.86,Swiggy,Delhi,FAILED
TXN652219,2026-06-10 18:30:06,USR1288,USR2588,27455.83,BigBasket,Delhi,PENDING
TXN740593,2026-06-10 18:30:06,USR7200,USR6561,28345.91,Amazon,Hyderabad,SUCCESS
TXN655139,2026-06-10 18:30:06,USR5408,USR7273,29799.15,BigBasket,Bangalore,PENDING
TXN951024,2026-06-10 18:30:06,USR7811,USR7909,43787.07,Zomato,Delhi,PENDING
TXN311414,2026-06-10 18:30:06,USR1862,USR3481,24419.61,BigBasket,Hyderabad,SUCCESS
TXN867014,2026-06-10 18:30:06,USR7621,USR4811,12761.08,Zomato,Bangalore,PENDING
TXN103645,2026-06-10 18:30:06,USR4748,USR6049,38903.57,IRCTC,Pune,PENDING
TXN130643,2026-06-10 18:30:06,USR3858,USR5559,46987.53,Myntra,Hyderabad,PENDING
TXN632265,2026-06-10 18:30:06,USR2761,USR1543,6481.06,BigBasket,Bangalore,FAILED
TXN844323,2026-06-10 18:30:06,USR4220,USR3101,715.73,IRCTC,Delhi,SUCCESS
TXN529585,2026-06-10 18:30:06,USR3779,USR1823,17933.87,Flipkart,Bangalore,SUCCESS
TXN498198,2026-06-10 18:30:06,USR5205,USR1101,10009.88,BigBasket,Delhi,SUCCESS
TXN842319,2026-06-10 18:30:06,USR6185,USR1060,4785.56,Amazon,Delhi,PENDING
TXN535996,2026-06-10 18:30:06,USR6373,USR9844,44931.26,Swiggy,Bangalore,FAILED
TXN551370,2026-06-10 18:30:06,USR4784,USR9628,36129.26,Swiggy,Mumbai,FAILED
TXN658819,2026-06-10 18:30:06,USR1953,USR4809,30564.23,Flipkart,Hyderabad,FAILED
TXN757803,2026-06-10 18:30:06,USR8571,USR3422,37965.41,BigBasket,Chennai,PENDING
TXN201539,2026-06-10 18:30:06,USR4881,USR7947,48154.88,BigBasket,Mumbai,SUCCESS
TXN560565,2026-06-10 18:30:06,USR6081,USR1667,28988.07,IRCTC,Hyderabad,PENDING
TXN577721,2026-06-10 18:30:06,USR5112,USR6320,2315.87,Amazon,Hyderabad,FAILED
TXN516077,2026-06-10 18:30:06,USR9284,USR1021,33515.94,Myntra,Bangalore,PENDING
TXN452669,2026-06-10 18:30:06,USR7146,USR7402,24077.14,Zomato,Chennai,PENDING
TXN806213,2026-06-10 18:30:06,USR5232,USR5302,14037.31,BigBasket,Delhi,SUCCESS
TXN500519,2026-06-10 18:30:06,USR5851,USR3603,10781.33,Zomato,Mumbai,SUCCESS
TXN657986,2026-06-10 18:30:06,USR1035,USR7140,45425.17,Amazon,Mumbai,FAILED
TXN620742,2026-06-10 18:30:06,USR7351,USR4845,37461.77,Amazon,Mumbai,FAILED
TXN853806,2026-06-10 18:30:06,USR7650,USR7303,24956.19,Amazon,Hyderabad,PENDING
TXN850646,2026-06-10 18:30:06,USR1994,USR5578,41144.37,IRCTC,Delhi,FAILED
TXN857485,2026-06-10 18:30:06,USR1191,USR3456,37561.87,Swiggy,Bangalore,SUCCESS
TXN152441,2026-06-10 18:30:06,USR5791,USR3184,32943.41,Swiggy,Bangalore,PENDING
TXN811755,2026-06-10 18:30:06,USR8157,USR3103,46642.39,Zomato,Chennai,FAILED
TXN447244,2026-06-10 18:30:06,USR9637,USR7528,10858.39,Amazon,Pune,SUCCESS
TXN683349,2026-06-10 18:30:06,USR4188,USR8549,38971.48,Flipkart,Hyderabad,FAILED
TXN915246,2026-06-10 18:30:06,USR2906,USR5545,48440.46,Myntra,Chennai,SUCCESS
TXN392079,2026-06-10 18:30:06,USR1078,USR1950,1782.36,Swiggy,Hyderabad,SUCCESS
TXN823392,2026-06-10 18:30:06,USR3280,USR1501,11907.2,Swiggy,Hyderabad,FAILED
TXN478563,2026-06-10 18:30:06,USR8177,USR3302,12326.21,BigBasket,Hyderabad,PENDING
TXN505396,2026-06-10 18:30:06,USR1829,USR5845,49920.74,Flipkart,Bangalore,FAILED
TXN318588,2026-06-10 18:30:06,USR2772,USR1649,12571.59,Zomato,Bangalore,FAILED
TXN384181,2026-06-10 18:30:06,USR2560,USR5821,34999.51,IRCTC,Mumbai,FAILED
TXN183913,2026-06-10 18:30:06,USR4293,USR3376,41521.88,IRCTC,Chennai,FAILED
TXN382980,2026-06-10 18:30:06,USR7728,USR1614,6408.53,Amazon,Mumbai,SUCCESS
TXN207677,2026-06-10 18:30:06,USR5769,USR6221,17216.2,IRCTC,Chennai,PENDING
TXN272967,2026-06-10 18:30:06,USR5265,USR3447,10529.74,Swiggy,Chennai,PENDING
TXN654019,2026-06-10 18:30:06,USR8849,USR6757,18545.91,Swiggy,Chennai,PENDING
TXN385348,2026-06-10 18:30:06,USR6686,USR4707,2664.01,Flipkart,Pune,SUCCESS
TXN182219,2026-06-10 18:30:06,USR3814,USR9645,32273.41,Zomato,Chennai,PENDING
TXN296786,2026-06-10 18:30:06,USR9134,USR4329,35516.63,Amazon,Pune,PENDING
TXN229585,2026-06-10 18:30:06,USR3230,USR3024,13508.84,Flipkart,Hyderabad,SUCCESS
TXN765122,2026-06-10 18:30:06,USR2167,USR1865,49375.29,Swiggy,Mumbai,SUCCESS
TXN641506,2026-06-10 18:30:06,USR7998,USR9183,20925.65,Zomato,Bangalore,PENDING
TXN399529,2026-06-10 18:30:06,USR2441,USR3523,14184.38,IRCTC,Bangalore,PENDING
TXN923031,2026-06-10 18:30:06,USR7786,USR3591,8356.15,Zomato,Delhi,FAILED
TXN888879,2026-06-10 18:30:06,USR4856,USR9168,3120.44,BigBasket,Bangalore,PENDING
TXN557611,2026-06-10 18:30:06,USR2144,USR3186,43001.46,Flipkart,Hyderabad,SUCCESS
TXN226967,2026-06-10 18:30:06,USR6489,USR8267,42633.92,BigBasket,Bangalore,SUCCESS
TXN970812,2026-06-10 18:30:06,USR5227,USR6694,6270.61,IRCTC,Bangalore,SUCCESS
TXN352927,2026-06-10 18:30:06,USR5776,USR9917,34086.22,IRCTC,Hyderabad,FAILED
TXN587341,2026-06-10 18:30:06,USR9492,USR7721,13508.65,Swiggy,Pune,FAILED
TXN500019,2026-06-10 18:30:06,USR5758,USR9984,24818.04,Zomato,Mumbai,FAILED
TXN908434,2026-06-10 18:30:06,USR8411,USR1394,29657.33,IRCTC,Chennai,PENDING
TXN808144,2026-06-10 18:30:06,USR9640,USR4049,25781.79,Myntra,Pune,SUCCESS
TXN210023,2026-06-10 18:30:06,USR2528,USR3214,33700.35,Swiggy,Mumbai,SUCCESS
TXN554441,2026-06-10 18:30:06,USR4968,USR3581,45063.51,BigBasket,Hyderabad,SUCCESS
TXN819778,2026-06-10 18:30:06,USR3036,USR7351,28074.78,Zomato,Chennai,SUCCESS
TXN478905,2026-06-10 18:30:06,USR1605,USR1766,37389.8,Amazon,Hyderabad,FAILED
TXN247758,2026-06-10 18:30:06,USR1420,USR6959,34120.97,Amazon,Delhi,SUCCESS
TXN549299,2026-06-10 18:30:06,USR8728,USR4295,862.02,IRCTC,Mumbai,SUCCESS
TXN517038,2026-06-10 18:30:06,USR8636,USR4727,35509.68,BigBasket,Hyderabad,PENDING
TXN838266,2026-06-10 18:30:06,USR7050,USR4051,32217.67,Amazon,Delhi,FAILED
TXN163176,2026-06-10 18:30:06,USR2584,USR9735,28225.07,Zomato,Hyderabad,SUCCESS
TXN107088,2026-06-10 18:30:06,USR1732,USR2348,1905.97,Amazon,Delhi,FAILED
TXN789350,2026-06-10 18:30:06,USR1956,USR3711,12686.75,Myntra,Bangalore,FAILED
TXN115354,2026-06-10 18:30:06,USR9786,USR1003,8655.9,Zomato,Delhi,PENDING
TXN762217,2026-06-10 18:30:06,USR3679,USR7892,13467.4,BigBasket,Chennai,SUCCESS
TXN942204,2026-06-10 18:30:06,USR4961,USR1087,17238.64,Zomato,Bangalore,PENDING
TXN116704,2026-06-10 18:30:06,USR3322,USR1765,44145.98,Amazon,Hyderabad,SUCCESS
TXN110800,2026-06-10 18:30:06,USR5689,USR8087,46902.64,IRCTC,Hyderabad,SUCCESS
TXN483199,2026-06-10 18:30:06,USR9790,USR6595,9142.23,Myntra,Chennai,PENDING
TXN549807,2026-06-10 18:30:06,USR8034,USR4137,28824.35,Swiggy,Delhi,SUCCESS
TXN384066,2026-06-10 18:30:06,USR5856,USR5376,38555.51,IRCTC,Chennai,SUCCESS
TXN745531,2026-06-10 18:30:06,USR4401,USR1598,36443.28,Swiggy,Bangalore,PENDING
TXN298102,2026-06-10 18:30:06,USR2301,USR1376,7146.06,Flipkart,Pune,FAILED
TXN102095,2026-06-10 18:30:06,USR2587,USR6006,31543.84,Flipkart,Delhi,PENDING
TXN250180,2026-06-10 18:30:06,USR1178,USR4406,46297.0,Amazon,Hyderabad,SUCCESS
TXN921048,2026-06-10 18:30:06,USR1297,USR3020,28426.86,Flipkart,Bangalore,SUCCESS
TXN945475,2026-06-10 18:30:06,USR8454,USR6495,44322.31,Myntra,Hyderabad,SUCCESS
TXN218381,2026-06-10 18:30:06,USR9716,USR3423,18667.18,Amazon,Mumbai,PENDING
TXN514384,2026-06-10 18:30:06,USR9157,USR1437,36538.72,Myntra,Delhi,PENDING
TXN412626,2026-06-10 18:30:06,USR4487,USR3073,272.23,Swiggy,Pune,FAILED
TXN298729,2026-06-10 18:30:06,USR4275,USR5380,1863.1,Zomato,Hyderabad,PENDING
TXN606495,2026-06-10 18:30:06,USR8749,USR2258,29253.73,Swiggy,Mumbai,SUCCESS
TXN424277,2026-06-10 18:30:06,USR4595,USR3096,13640.58,IRCTC,Delhi,FAILED
TXN515497,2026-06-10 18:30:06,USR7577,USR8177,33780.09,Flipkart,Chennai,SUCCESS
TXN668403,2026-06-10 18:30:06,USR8903,USR7522,17075.23,Amazon,Chennai,FAILED
TXN644038,2026-06-10 18:30:06,USR5861,USR7843,31423.78,Swiggy,Pune,FAILED
TXN619197,2026-06-10 18:30:06,USR2773,USR7175,8967.86,BigBasket,Bangalore,FAILED
TXN724928,2026-06-10 18:30:06,USR7832,USR7343,28391.32,Zomato,Delhi,FAILED
TXN665491,2026-06-10 18:30:06,USR8258,USR4609,38852.56,Flipkart,Bangalore,FAILED
TXN989308,2026-06-10 18:30:06,USR3701,USR2775,4888.92,Myntra,Hyderabad,FAILED
TXN632962,2026-06-10 18:30:06,USR9072,USR9115,15452.43,Swiggy,Mumbai,SUCCESS
TXN195668,2026-06-10 18:30:06,USR9122,USR2323,39520.68,Swiggy,Mumbai,FAILED
TXN381306,2026-06-10 18:30:06,USR3095,USR1806,9976.96,Flipkart,Chennai,SUCCESS
TXN781409,2026-06-10 18:30:06,USR2120,USR7239,31438.6,Amazon,Mumbai,FAILED
TXN955560,2026-06-10 18:30:06,USR1351,USR8889,46914.01,Myntra,Chennai,FAILED
TXN267716,2026-06-10 18:30:06,USR3829,USR4496,43041.51,Zomato,Delhi,PENDING
TXN879444,2026-06-10 18:30:06,USR1665,USR8251,13859.0,Amazon,Mumbai,FAILED
TXN356951,2026-06-10 18:30:06,USR5589,USR2062,36095.92,Amazon,Bangalore,FAILED
TXN806307,2026-06-10 18:30:06,USR9559,USR1171,39403.02,Zomato,Mumbai,PENDING
TXN234269,2026-06-10 18:30:06,USR2381,USR9856,29382.97,Swiggy,Hyderabad,FAILED
TXN813110,2026-06-10 18:30:06,USR7507,USR8161,32941.64,Zomato,Bangalore,PENDING
TXN409877,2026-06-10 18:30:06,USR8876,USR2025,14858.61,Swiggy,Bangalore,SUCCESS
TXN192231,2026-06-10 18:30:06,USR8450,USR3814,36586.75,Swiggy,Pune,SUCCESS
TXN170300,2026-06-10 18:30:06,USR3613,USR5231,38520.16,BigBasket,Chennai,FAILED
TXN442115,2026-06-10 18:30:06,USR2832,USR5308,20734.97,Swiggy,Delhi,PENDING
TXN124764,2026-06-10 18:30:06,USR7687,USR5134,49934.35,Amazon,Chennai,PENDING
TXN352969,2026-06-10 18:30:06,USR9886,USR9400,33401.95,Amazon,Delhi,SUCCESS
TXN755345,2026-06-10 18:30:06,USR2498,USR7497,46714.16,BigBasket,Chennai,PENDING
TXN730355,2026-06-10 18:30:06,USR2641,USR8717,8787.92,Zomato,Delhi,SUCCESS
TXN865995,2026-06-10 18:30:06,USR3295,USR1137,9945.0,Swiggy,Chennai,FAILED
TXN888980,2026-06-10 18:30:06,USR5575,USR7499,10711.46,Amazon,Bangalore,PENDING
TXN459953,2026-06-10 18:30:06,USR6156,USR2581,37465.3,BigBasket,Hyderabad,PENDING
TXN834088,2026-06-10 18:30:06,USR6423,USR9714,15282.66,Myntra,Bangalore,SUCCESS
TXN326515,2026-06-10 18:30:06,USR9820,USR4865,37180.16,Flipkart,Chennai,PENDING
TXN598893,2026-06-10 18:30:06,USR3781,USR3952,40250.08,Swiggy,Mumbai,SUCCESS
TXN200986,2026-06-10 18:30:06,USR4639,USR5121,8800.49,BigBasket,Mumbai,PENDING
TXN223316,2026-06-10 18:30:06,USR8237,USR6190,16028.67,Amazon,Chennai,FAILED
TXN474807,2026-06-10 18:30:06,USR5724,USR9466,12425.61,Zomato,Bangalore,PENDING
TXN575081,2026-06-10 18:30:06,USR6627,USR2550,9371.16,IRCTC,Chennai,SUCCESS
TXN971827,2026-06-10 18:30:06,USR6758,USR1590,15637.18,Myntra,Delhi,SUCCESS
TXN504730,2026-06-10 18:30:06,USR1037,USR6496,16890.69,Swiggy,Bangalore,PENDING
TXN352996,2026-06-10 18:30:06,USR1160,USR2846,887.52,IRCTC,Pune,PENDING
TXN556389,2026-06-10 18:30:06,USR3379,USR3827,36391.23,Amazon,Chennai,FAILED
TXN633509,2026-06-10 18:30:06,USR9958,USR5178,37024.9,Zomato,Bangalore,SUCCESS
TXN690708,2026-06-10 18:30:06,USR3881,USR4382,1551.25,Swiggy,Delhi,FAILED
TXN121328,2026-06-10 18:30:06,USR7954,USR8110,43353.82,BigBasket,Bangalore,PENDING
TXN777704,2026-06-10 18:30:06,USR7189,USR4439,5616.2,BigBasket,Chennai,SUCCESS
TXN874285,2026-06-10 18:30:06,USR5039,USR4713,47592.83,Zomato,Pune,FAILED
TXN531663,2026-06-10 18:30:06,USR3225,USR5232,31937.96,Zomato,Hyderabad,SUCCESS
TXN660031,2026-06-10 18:30:06,USR6392,USR1723,39977.48,Swiggy,Bangalore,FAILED
TXN222107,2026-06-10 18:30:06,USR5698,USR2199,5490.98,Swiggy,Bangalore,PENDING
TXN358282,2026-06-10 18:30:06,USR3242,USR5585,33836.42,Flipkart,Delhi,SUCCESS
TXN960677,2026-06-10 18:30:06,USR7232,USR4551,25926.43,IRCTC,Pune,FAILED
TXN257779,2026-06-10 18:30:06,USR1400,USR6949,17555.54,Myntra,Mumbai,SUCCESS
TXN927083,2026-06-10 18:30:06,USR4950,USR2033,20465.26,Flipkart,Mumbai,PENDING
TXN848151,2026-06-10 18:30:06,USR3534,USR5081,46442.23,IRCTC,Chennai,SUCCESS
TXN745594,2026-06-10 18:30:06,USR9098,USR3254,44788.29,Swiggy,Chennai,SUCCESS
TXN139235,2026-06-10 18:30:06,USR6494,USR8692,30108.25,Amazon,Mumbai,SUCCESS
TXN580880,2026-06-10 18:30:06,USR8597,USR3446,17770.44,Zomato,Chennai,PENDING
TXN687713,2026-06-10 18:30:06,USR2385,USR4466,2746.89,BigBasket,Bangalore,FAILED
TXN141285,2026-06-10 18:30:06,USR8754,USR6653,32628.53,BigBasket,Pune,FAILED
TXN166618,2026-06-10 18:30:06,USR4904,USR9571,44659.33,BigBasket,Mumbai,FAILED
TXN867437,2026-06-10 18:30:06,USR3365,USR4834,46408.83,IRCTC,Hyderabad,FAILED
TXN632166,2026-06-10 18:30:06,USR8548,USR3161,17406.82,Myntra,Bangalore,FAILED
TXN541366,2026-06-10 18:30:06,USR4658,USR7373,3363.13,IRCTC,Pune,FAILED
TXN428384,2026-06-10 18:30:06,USR9633,USR9665,13530.92,Amazon,Mumbai,FAILED
TXN513734,2026-06-10 18:30:06,USR5030,USR8831,33504.27,IRCTC,Hyderabad,PENDING
TXN851473,2026-06-10 18:30:06,USR8532,USR9161,48838.15,Flipkart,Bangalore,SUCCESS
TXN346368,2026-06-10 18:30:06,USR5204,USR1867,38316.95,BigBasket,Pune,FAILED
TXN530842,2026-06-10 18:30:06,USR8336,USR9285,5511.52,Swiggy,Delhi,SUCCESS
TXN300422,2026-06-10 18:30:06,USR1422,USR3269,43619.66,Zomato,Hyderabad,PENDING
TXN109236,2026-06-10 18:30:06,USR7492,USR9949,11891.27,Flipkart,Pune,FAILED
TXN816422,2026-06-10 18:30:06,USR7492,USR1375,37903.42,Amazon,Chennai,PENDING
TXN790115,2026-06-10 18:30:06,USR3057,USR1296,16118.9,Myntra,Bangalore,FAILED
TXN343755,2026-06-10 18:30:06,USR1622,USR1002,21864.84,Swiggy,Mumbai,PENDING
TXN433308,2026-06-10 18:30:06,USR6029,USR9171,3105.6,BigBasket,Delhi,FAILED
TXN479764,2026-06-10 18:30:06,USR7011,USR3739,14134.81,IRCTC,Chennai,SUCCESS
TXN806082,2026-06-10 18:30:06,USR5485,USR6444,46021.37,Zomato,Pune,PENDING
TXN268081,2026-06-10 18:30:06,USR7615,USR6919,11761.27,Flipkart,Delhi,FAILED
TXN410121,2026-06-10 18:30:06,USR3296,USR9067,12735.67,IRCTC,Chennai,PENDING
TXN369157,2026-06-10 18:30:06,USR6648,USR7157,44775.86,Zomato,Delhi,SUCCESS
TXN487844,2026-06-10 18:30:06,USR2502,USR4237,11469.85,Flipkart,Mumbai,PENDING
TXN961066,2026-06-10 18:30:06,USR5913,USR6586,3314.04,Swiggy,Bangalore,FAILED
TXN999740,2026-06-10 18:30:06,USR9230,USR5019,48976.03,IRCTC,Delhi,SUCCESS
TXN579718,2026-06-10 18:30:06,USR8835,USR8290,45271.53,BigBasket,Pune,FAILED
TXN560714,2026-06-10 18:30:06,USR6183,USR2727,2304.59,IRCTC,Mumbai,PENDING
TXN715575,2026-06-10 18:30:06,USR5725,USR3911,33138.59,Flipkart,Hyderabad,SUCCESS
TXN487766,2026-06-10 18:30:06,USR8655,USR8947,41031.99,Flipkart,Pune,SUCCESS
TXN646831,2026-06-10 18:30:06,USR9107,USR2343,47376.98,BigBasket,Delhi,SUCCESS
TXN438449,2026-06-10 18:30:06,USR6589,USR2652,40914.09,Swiggy,Chennai,FAILED
TXN958683,2026-06-10 18:30:06,USR9622,USR6632,4119.71,Amazon,Chennai,SUCCESS
TXN437927,2026-06-10 18:30:06,USR7878,USR3081,38659.79,BigBasket,Pune,SUCCESS
TXN955037,2026-06-10 18:30:06,USR7961,USR6309,17208.79,Zomato,Delhi,SUCCESS
TXN974907,2026-06-10 18:30:06,USR6209,USR5547,38245.27,Flipkart,Chennai,SUCCESS
TXN567779,2026-06-10 18:30:06,USR7655,USR9337,41976.79,Flipkart,Pune,PENDING
TXN187276,2026-06-10 18:30:06,USR6249,USR9521,7300.75,Myntra,Bangalore,FAILED
TXN890838,2026-06-10 18:30:06,USR4360,USR7081,14582.01,BigBasket,Delhi,PENDING
TXN909239,2026-06-10 18:30:06,USR5567,USR2303,46493.76,Zomato,Pune,FAILED
TXN548539,2026-06-10 18:30:06,USR5121,USR2498,49090.5,IRCTC,Delhi,PENDING
TXN658607,2026-06-10 18:30:06,USR3784,USR7842,25803.64,Swiggy,Chennai,SUCCESS
TXN214959,2026-06-10 18:30:06,USR7117,USR6496,6647.86,IRCTC,Delhi,PENDING
TXN935781,2026-06-10 18:30:06,USR1717,USR3732,15472.62,BigBasket,Mumbai,SUCCESS
TXN291201,2026-06-10 18:30:06,USR8675,USR5631,21123.55,Amazon,Pune,FAILED
TXN621540,2026-06-10 18:30:06,USR7986,USR5139,37474.34,Myntra,Delhi,FAILED
TXN890362,2026-06-10 18:30:06,USR6762,USR8265,43342.96,Myntra,Hyderabad,SUCCESS
TXN460566,2026-06-10 18:30:06,USR3270,USR3684,15196.55,Swiggy,Pune,FAILED
TXN983626,2026-06-10 18:30:06,USR9269,USR7275,43038.51,Amazon,Chennai,PENDING
TXN768054,2026-06-10 18:30:06,USR6613,USR5066,23879.99,Swiggy,Hyderabad,FAILED
TXN156160,2026-06-10 18:30:06,USR4909,USR5326,14442.08,Flipkart,Mumbai,SUCCESS
TXN829907,2026-06-10 18:30:06,USR3729,USR1510,9886.71,BigBasket,Hyderabad,SUCCESS
TXN615292,2026-06-10 18:30:06,USR7150,USR6003,33823.93,Zomato,Chennai,PENDING
TXN742538,2026-06-10 18:30:06,USR2453,USR1888,43691.42,Flipkart,Bangalore,FAILED
TXN215858,2026-06-10 18:30:06,USR1519,USR4186,11569.21,Swiggy,Delhi,PENDING
TXN132089,2026-06-10 18:30:06,USR8357,USR9437,41980.29,Zomato,Chennai,PENDING
TXN850262,2026-06-10 18:30:06,USR7737,USR4749,27818.8,Flipkart,Chennai,FAILED
TXN833437,2026-06-10 18:30:06,USR6035,USR3145,47765.5,BigBasket,Pune,FAILED
TXN219778,2026-06-10 18:30:06,USR3530,USR6559,13684.52,IRCTC,Mumbai,FAILED
TXN439488,2026-06-10 18:30:06,USR4614,USR3211,46433.91,BigBasket,Pune,FAILED
TXN306925,2026-06-10 18:30:06,USR7785,USR2922,26579.36,BigBasket,Chennai,FAILED
TXN416348,2026-06-10 18:30:06,USR2214,USR5942,17536.78,Amazon,Mumbai,PENDING
TXN766736,2026-06-10 18:30:06,USR1600,USR6170,6999.71,IRCTC,Pune,SUCCESS
TXN307944,2026-06-10 18:30:06,USR9146,USR1568,8864.32,Amazon,Pune,SUCCESS
TXN876834,2026-06-10 18:30:06,USR8911,USR7161,33354.21,Swiggy,Chennai,PENDING
TXN482800,2026-06-10 18:30:06,USR6185,USR7804,32008.56,Swiggy,Hyderabad,FAILED
TXN725985,2026-06-10 18:30:06,USR6918,USR7262,27026.35,Zomato,Hyderabad,FAILED
TXN345539,2026-06-10 18:30:06,USR1540,USR1117,7530.66,Swiggy,Bangalore,SUCCESS
TXN745840,2026-06-10 18:30:06,USR5501,USR9364,429.58,Swiggy,Mumbai,FAILED
TXN487036,2026-06-10 18:30:06,USR3242,USR6828,6172.03,Flipkart,Bangalore,PENDING
TXN954771,2026-06-10 18:30:06,USR4599,USR6547,39301.18,Flipkart,Chennai,PENDING
TXN644725,2026-06-10 18:30:06,USR3248,USR4290,49989.82,BigBasket,Pune,FAILED
TXN714958,2026-06-10 18:30:06,USR7039,USR5630,31375.93,Zomato,Hyderabad,SUCCESS
TXN626475,2026-06-10 18:30:06,USR2646,USR1080,12092.55,BigBasket,Chennai,PENDING
TXN284374,2026-06-10 18:30:06,USR2328,USR4752,46599.0,Myntra,Chennai,PENDING
TXN587667,2026-06-10 18:30:06,USR4711,USR2125,27218.5,Zomato,Mumbai,SUCCESS
TXN135146,2026-06-10 18:30:06,USR6763,USR6599,5098.82,Myntra,Hyderabad,SUCCESS
TXN350623,2026-06-10 18:30:06,USR3419,USR5853,42984.87,Flipkart,Chennai,SUCCESS
TXN981716,2026-06-10 18:30:06,USR8419,USR3852,30606.65,Myntra,Mumbai,PENDING
TXN778031,2026-06-10 18:30:06,USR7731,USR9443,35100.91,Swiggy,Delhi,FAILED
TXN877907,2026-06-10 18:30:06,USR5994,USR1574,29757.47,Swiggy,Pune,SUCCESS
TXN712968,2026-06-10 18:30:06,USR6824,USR8282,20411.77,Flipkart,Bangalore,FAILED
TXN351955,2026-06-10 18:30:06,USR1809,USR9863,39818.2,Swiggy,Chennai,FAILED
TXN466610,2026-06-10 18:30:06,USR3671,USR6726,15464.98,Amazon,Pune,FAILED
TXN820944,2026-06-10 18:30:06,USR1466,USR2069,11962.45,IRCTC,Hyderabad,FAILED
TXN401540,2026-06-10 18:30:06,USR6447,USR7929,17772.92,Flipkart,Hyderabad,FAILED
TXN141851,2026-06-10 18:30:06,USR9247,USR3710,10201.11,Flipkart,Mumbai,FAILED
TXN881466,2026-06-10 18:30:06,USR4675,USR1131,40563.77,Myntra,Chennai,PENDING
TXN405954,2026-06-10 18:30:06,USR1782,USR7906,15408.67,Myntra,Hyderabad,PENDING
TXN459388,2026-06-10 18:30:06,USR8811,USR2507,31386.6,Amazon,Bangalore,FAILED
TXN256089,2026-06-10 18:30:06,USR4836,USR5190,49577.72,Zomato,Hyderabad,FAILED
TXN386850,2026-06-10 18:30:06,USR2449,USR5643,24043.92,Myntra,Pune,SUCCESS
TXN513488,2026-06-10 18:30:06,USR3531,USR5411,6552.92,Flipkart,Hyderabad,SUCCESS
TXN263311,2026-06-10 18:30:06,USR3915,USR4093,603.76,Myntra,Mumbai,SUCCESS
TXN667635,2026-06-10 18:30:06,USR2929,USR7493,38108.98,Flipkart,Pune,FAILED
TXN728955,2026-06-10 18:30:06,USR4401,USR8332,14.59,Flipkart,Hyderabad,SUCCESS
TXN230335,2026-06-10 18:30:06,USR2336,USR1347,19555.41,Zomato,Hyderabad,FAILED
TXN313350,2026-06-10 18:30:06,USR8471,USR7120,1773.26,Swiggy,Delhi,PENDING
TXN345654,2026-06-10 18:30:06,USR5749,USR9746,7041.52,Flipkart,Delhi,SUCCESS
TXN317238,2026-06-10 18:30:06,USR6226,USR3225,31759.17,Amazon,Delhi,SUCCESS
TXN993139,2026-06-10 18:30:06,USR6762,USR7304,8475.39,Zomato,Bangalore,PENDING
TXN711600,2026-06-10 18:30:06,USR1073,USR7472,9418.5,BigBasket,Bangalore,PENDING
TXN861382,2026-06-10 18:30:06,USR5650,USR2774,45530.65,Zomato,Delhi,PENDING
TXN844510,2026-06-10 18:30:06,USR6665,USR8356,43020.38,Flipkart,Pune,SUCCESS
TXN413971,2026-06-10 18:30:06,USR7590,USR2404,24967.91,Swiggy,Pune,PENDING
TXN116408,2026-06-10 18:30:06,USR2937,USR4185,18615.4,Zomato,Delhi,SUCCESS
TXN499729,2026-06-10 18:30:06,USR6750,USR5659,28623.17,Zomato,Chennai,PENDING
TXN804463,2026-06-10 18:30:06,USR9976,USR3828,10028.15,Zomato,Bangalore,SUCCESS
TXN140086,2026-06-10 18:30:06,USR1319,USR3513,10108.24,BigBasket,Mumbai,SUCCESS
TXN206953,2026-06-10 18:30:06,USR7070,USR3065,31319.69,BigBasket,Hyderabad,SUCCESS
TXN116936,2026-06-10 18:30:06,USR7532,USR7440,11909.89,Myntra,Bangalore,SUCCESS
TXN540994,2026-06-10 18:30:06,USR1876,USR8796,29484.6,IRCTC,Pune,FAILED
TXN175215,2026-06-10 18:30:06,USR4994,USR2298,35821.7,Swiggy,Mumbai,SUCCESS
TXN395700,2026-06-10 18:30:06,USR1875,USR4571,37905.48,Zomato,Pune,FAILED
TXN136358,2026-06-10 18:30:06,USR7740,USR8380,31805.52,BigBasket,Bangalore,PENDING
TXN151149,2026-06-10 18:30:06,USR8718,USR3451,7588.36,Flipkart,Hyderabad,PENDING
TXN320524,2026-06-10 18:30:06,USR2223,USR7446,850.26,Zomato,Mumbai,PENDING
TXN603580,2026-06-10 18:30:06,USR7161,USR3728,11668.88,Flipkart,Delhi,FAILED
TXN813088,2026-06-10 18:30:06,USR5529,USR3169,47447.58,BigBasket,Pune,SUCCESS
TXN292015,2026-06-10 18:30:06,USR2416,USR4605,17752.06,Swiggy,Bangalore,SUCCESS
TXN476388,2026-06-10 18:30:06,USR2577,USR6699,1807.61,Zomato,Chennai,PENDING
TXN189028,2026-06-10 18:30:06,USR3178,USR1629,28250.44,IRCTC,Delhi,PENDING
TXN701918,2026-06-10 18:30:06,USR7950,USR1213,21979.02,Amazon,Delhi,PENDING
TXN728969,2026-06-10 18:30:06,USR8163,USR1017,335.17,Flipkart,Pune,SUCCESS
TXN173294,2026-06-10 18:30:06,USR3326,USR3566,27164.48,Swiggy,Delhi,PENDING
TXN378826,2026-06-10 18:30:06,USR2527,USR8580,16172.02,IRCTC,Pune,SUCCESS
TXN427170,2026-06-10 18:30:06,USR1305,USR6067,7164.52,BigBasket,Pune,PENDING
TXN329072,2026-06-10 18:30:06,USR1507,USR1735,19169.32,Amazon,Delhi,FAILED
TXN991151,2026-06-10 18:30:06,USR4021,USR1130,944.95,Myntra,Bangalore,PENDING
TXN276219,2026-06-10 18:30:06,USR2744,USR2471,3891.24,IRCTC,Delhi,FAILED
TXN272820,2026-06-10 18:30:06,USR4864,USR9933,4185.26,Zomato,Mumbai,SUCCESS
TXN785519,2026-06-10 18:30:06,USR3147,USR9336,668.58,IRCTC,Pune,FAILED
TXN566566,2026-06-10 18:30:06,USR3470,USR4333,890.95,Swiggy,Pune,PENDING
TXN193107,2026-06-10 18:30:06,USR1100,USR8672,13013.41,Zomato,Hyderabad,PENDING
TXN769032,2026-06-10 18:30:06,USR3542,USR8718,39218.53,Zomato,Bangalore,PENDING
TXN543835,2026-06-10 18:30:06,USR7553,USR1132,36343.16,Amazon,Chennai,FAILED
TXN703690,2026-06-10 18:30:06,USR4466,USR9762,10823.82,BigBasket,Pune,SUCCESS
TXN832910,2026-06-10 18:30:06,USR5484,USR9155,24836.38,Myntra,Hyderabad,PENDING
TXN444165,2026-06-10 18:30:06,USR5071,USR2628,46948.06,Myntra,Chennai,FAILED
TXN443779,2026-06-10 18:30:06,USR4360,USR1380,32949.91,Flipkart,Pune,SUCCESS
TXN953410,2026-06-10 18:30:06,USR6252,USR3737,33281.52,Amazon,Delhi,PENDING
TXN532479,2026-06-10 18:30:06,USR3895,USR1994,29893.42,Amazon,Pune,SUCCESS
TXN910864,2026-06-10 18:30:06,USR9065,USR4944,26932.51,Flipkart,Hyderabad,FAILED
TXN349509,2026-06-10 18:30:06,USR9191,USR4919,49658.48,Myntra,Bangalore,PENDING
TXN938269,2026-06-10 18:30:06,USR9673,USR1175,46956.29,IRCTC,Delhi,FAILED
TXN278926,2026-06-10 18:30:06,USR6588,USR9831,29057.61,Myntra,Delhi,SUCCESS
TXN147259,2026-06-10 18:30:06,USR6825,USR5105,5784.98,Amazon,Delhi,FAILED
TXN779749,2026-06-10 18:30:06,USR7428,USR7485,43311.44,IRCTC,Pune,PENDING
TXN763931,2026-06-10 18:30:06,USR7138,USR1192,11639.03,Swiggy,Pune,SUCCESS
TXN624669,2026-06-10 18:30:06,USR1336,USR3214,18786.63,Myntra,Delhi,SUCCESS
TXN549842,2026-06-10 18:30:06,USR1680,USR6818,48333.6,Flipkart,Mumbai,PENDING
TXN624406,2026-06-10 18:30:06,USR4457,USR2305,47342.39,IRCTC,Chennai,SUCCESS
TXN195437,2026-06-10 18:30:06,USR5795,USR7357,28017.44,IRCTC,Mumbai,FAILED
TXN254339,2026-06-10 18:30:06,USR1103,USR7928,30145.28,Flipkart,Pune,PENDING
TXN426867,2026-06-10 18:30:06,USR6632,USR8342,39981.11,BigBasket,Delhi,FAILED
TXN481482,2026-06-10 18:30:06,USR4296,USR7408,39997.84,BigBasket,Hyderabad,FAILED
TXN308249,2026-06-10 18:30:06,USR7719,USR1929,37177.67,Swiggy,Bangalore,FAILED
TXN985719,2026-06-10 18:30:06,USR6298,USR1523,4269.72,BigBasket,Chennai,SUCCESS
TXN182249,2026-06-10 18:30:06,USR8528,USR6175,15614.42,BigBasket,Hyderabad,FAILED
TXN775103,2026-06-10 18:30:06,USR2339,USR7767,2819.2,Myntra,Hyderabad,SUCCESS
TXN852617,2026-06-10 18:30:06,USR3042,USR4356,18723.39,IRCTC,Mumbai,FAILED
TXN566942,2026-06-10 18:30:06,USR8785,USR6733,9030.88,BigBasket,Delhi,PENDING
TXN935408,2026-06-10 18:30:06,USR2887,USR4668,11484.88,Flipkart,Mumbai,SUCCESS
TXN870621,2026-06-10 18:30:06,USR1216,USR7215,37278.91,IRCTC,Bangalore,SUCCESS
TXN849229,2026-06-10 18:30:06,USR3072,USR5033,16038.1,Amazon,Bangalore,SUCCESS
TXN907368,2026-06-10 18:30:06,USR7150,USR6622,26971.46,Zomato,Hyderabad,FAILED
TXN575197,2026-06-10 18:30:06,USR6020,USR1385,7051.42,Swiggy,Bangalore,FAILED
TXN927257,2026-06-10 18:30:06,USR8304,USR4304,22255.77,IRCTC,Delhi,PENDING
TXN349633,2026-06-10 18:30:06,USR7404,USR8985,43949.31,Amazon,Bangalore,PENDING
TXN391689,2026-06-10 18:30:06,USR3877,USR1310,47177.78,IRCTC,Mumbai,FAILED
TXN986282,2026-06-10 18:30:06,USR9968,USR7312,13163.63,BigBasket,Hyderabad,FAILED
TXN653341,2026-06-10 18:30:06,USR4460,USR5246,31592.25,Amazon,Pune,SUCCESS
TXN935023,2026-06-10 18:30:06,USR2151,USR5049,42862.44,Swiggy,Delhi,PENDING
TXN259838,2026-06-10 18:30:06,USR9271,USR2395,39095.68,Zomato,Mumbai,SUCCESS
TXN354294,2026-06-10 18:30:06,USR5389,USR3134,7430.47,Myntra,Delhi,PENDING
TXN587126,2026-06-10 18:30:06,USR8020,USR5351,38478.63,IRCTC,Hyderabad,FAILED
TXN804546,2026-06-10 18:30:06,USR9423,USR8616,3574.04,Swiggy,Mumbai,SUCCESS
TXN699750,2026-06-10 18:30:06,USR2178,USR1127,2131.47,Zomato,Bangalore,SUCCESS
TXN367408,2026-06-10 18:30:06,USR3155,USR1786,18595.66,BigBasket,Mumbai,FAILED
TXN375718,2026-06-10 18:30:06,USR1050,USR8058,49248.61,IRCTC,Bangalore,FAILED
TXN258311,2026-06-10 18:30:06,USR7993,USR6569,23029.01,Myntra,Bangalore,FAILED
TXN593214,2026-06-10 18:30:06,USR7492,USR5829,43047.81,Zomato,Delhi,FAILED
TXN803546,2026-06-10 18:30:06,USR7081,USR2546,29162.5,Swiggy,Delhi,PENDING
TXN237443,2026-06-10 18:30:06,USR2639,USR6775,5287.44,Myntra,Chennai,SUCCESS
TXN396320,2026-06-10 18:30:06,USR9252,USR6924,17730.37,BigBasket,Pune,FAILED
TXN421693,2026-06-10 18:30:06,USR7426,USR7037,2543.94,Flipkart,Mumbai,FAILED
TXN603695,2026-06-10 18:30:06,USR2530,USR9949,42311.47,Flipkart,Delhi,PENDING
TXN829863,2026-06-10 18:30:06,USR5735,USR4986,2336.91,Zomato,Hyderabad,SUCCESS
TXN955567,2026-06-10 18:30:06,USR6524,USR2675,38637.27,Myntra,Delhi,PENDING
TXN492750,2026-06-10 18:30:06,USR4663,USR2930,48239.04,Zomato,Chennai,SUCCESS
TXN163363,2026-06-10 18:30:06,USR5854,USR7747,13302.95,Zomato,Bangalore,PENDING
TXN773416,2026-06-10 18:30:06,USR2661,USR5365,117.44,Myntra,Bangalore,FAILED
TXN406739,2026-06-10 18:30:06,USR7829,USR9438,27396.47,Zomato,Hyderabad,SUCCESS
TXN675573,2026-06-10 18:30:06,USR4670,USR5269,7255.17,Myntra,Pune,SUCCESS
TXN445631,2026-06-10 18:30:06,USR7839,USR1985,39556.87,Myntra,Delhi,SUCCESS
TXN333216,2026-06-10 18:30:06,USR9086,USR3700,44771.93,Swiggy,Hyderabad,SUCCESS
TXN321416,2026-06-10 18:30:06,USR4312,USR1642,1342.91,Zomato,Pune,FAILED
TXN176925,2026-06-10 18:30:06,USR5332,USR9486,17953.39,Flipkart,Bangalore,PENDING
TXN605842,2026-06-10 18:30:06,USR8736,USR5450,22615.0,Swiggy,Hyderabad,FAILED
TXN758725,2026-06-10 18:30:06,USR6174,USR5738,30728.36,IRCTC,Pune,FAILED
TXN186576,2026-06-10 18:30:06,USR7965,USR4642,34596.09,Swiggy,Hyderabad,SUCCESS
TXN375316,2026-06-10 18:30:06,USR8352,USR3576,3095.83,Swiggy,Mumbai,PENDING
TXN508392,2026-06-10 18:30:06,USR3853,USR7224,39225.99,Myntra,Delhi,PENDING
TXN532285,2026-06-10 18:30:06,USR9525,USR5400,44602.47,Zomato,Mumbai,PENDING
TXN685895,2026-06-10 18:30:06,USR6574,USR1682,38847.34,Swiggy,Delhi,FAILED
TXN239027,2026-06-10 18:30:06,USR5354,USR3162,38613.88,Myntra,Delhi,SUCCESS
TXN379561,2026-06-10 18:30:06,USR6543,USR5263,9856.05,IRCTC,Bangalore,FAILED
TXN797331,2026-06-10 18:30:06,USR2431,USR6941,47923.88,Amazon,Mumbai,FAILED
TXN213880,2026-06-10 18:30:06,USR6136,USR9476,12676.68,Zomato,Hyderabad,SUCCESS
TXN309213,2026-06-10 18:30:06,USR1781,USR1027,31320.46,Amazon,Chennai,PENDING
TXN992264,2026-06-10 18:30:06,USR9623,USR2859,25497.48,Amazon,Hyderabad,FAILED
TXN389341,2026-06-10 18:30:06,USR8359,USR9566,37393.66,Zomato,Bangalore,FAILED
TXN963061,2026-06-10 18:30:06,USR1445,USR5366,18524.2,Zomato,Pune,SUCCESS
TXN319856,2026-06-10 18:30:06,USR9837,USR7501,40630.83,Swiggy,Pune,FAILED
TXN523039,2026-06-10 18:30:06,USR8793,USR1206,27017.23,Amazon,Chennai,PENDING
TXN535100,2026-06-10 18:30:06,USR1416,USR9967,31144.88,Amazon,Hyderabad,SUCCESS
TXN185452,2026-06-10 18:30:06,USR3056,USR3745,47256.66,Swiggy,Bangalore,SUCCESS
TXN603829,2026-06-10 18:30:06,USR6998,USR3563,32465.69,Swiggy,Mumbai,SUCCESS
TXN988344,2026-06-10 18:30:06,USR1170,USR9780,44230.28,Swiggy,Chennai,SUCCESS
TXN883332,2026-06-10 18:30:06,USR7861,USR6358,30574.61,BigBasket,Delhi,PENDING
TXN398660,2026-06-10 18:30:06,USR3119,USR6359,20032.0,Myntra,Hyderabad,FAILED
TXN706279,2026-06-10 18:30:06,USR8910,USR6001,20823.24,Zomato,Hyderabad,PENDING
TXN147326,2026-06-10 18:30:06,USR7515,USR2816,42807.32,Myntra,Bangalore,SUCCESS
TXN555119,2026-06-10 18:30:06,USR8871,USR9864,31212.23,Flipkart,Delhi,PENDING
TXN489127,2026-06-10 18:30:06,USR6263,USR3825,29541.95,Swiggy,Chennai,SUCCESS
TXN775743,2026-06-10 18:30:06,USR3295,USR8483,48210.95,Amazon,Chennai,SUCCESS
TXN298432,2026-06-10 18:30:06,USR7827,USR1404,15068.39,Amazon,Pune,SUCCESS
TXN500928,2026-06-10 18:30:06,USR5924,USR6170,2464.52,Amazon,Pune,FAILED
TXN417228,2026-06-10 18:30:06,USR3238,USR5645,8706.08,Flipkart,Pune,FAILED
TXN321698,2026-06-10 18:30:06,USR9840,USR8465,24089.84,Swiggy,Pune,PENDING
TXN565902,2026-06-10 18:30:06,USR5711,USR4484,18373.43,Swiggy,Bangalore,FAILED
TXN257619,2026-06-10 18:30:06,USR9260,USR1680,30076.02,Zomato,Hyderabad,FAILED
TXN875592,2026-06-10 18:30:06,USR9885,USR3689,44445.65,Myntra,Mumbai,PENDING
TXN145361,2026-06-10 18:30:06,USR4157,USR2900,19741.2,IRCTC,Mumbai,SUCCESS
TXN155439,2026-06-10 18:30:06,USR6314,USR4365,25992.82,Myntra,Pune,FAILED
TXN329262,2026-06-10 18:30:06,USR1555,USR7124,46191.8,Flipkart,Bangalore,FAILED
TXN700287,2026-06-10 18:30:06,USR7147,USR7407,4051.4,Swiggy,Bangalore,FAILED
TXN702825,2026-06-10 18:30:06,USR6913,USR9017,22864.76,BigBasket,Chennai,SUCCESS
TXN828325,2026-06-10 18:30:06,USR8493,USR3727,6027.61,IRCTC,Hyderabad,FAILED
TXN860183,2026-06-10 18:30:06,USR1482,USR8108,40427.52,Amazon,Pune,FAILED
TXN725402,2026-06-10 18:30:06,USR2842,USR7222,24637.64,Zomato,Chennai,SUCCESS
TXN204445,2026-06-10 18:30:06,USR2088,USR5258,27071.57,Myntra,Delhi,FAILED
TXN247663,2026-06-10 18:30:06,USR8417,USR5432,12754.94,BigBasket,Hyderabad,SUCCESS
TXN578243,2026-06-10 18:30:06,USR5728,USR3394,44163.28,Swiggy,Chennai,SUCCESS
TXN913042,2026-06-10 18:30:06,USR7159,USR3359,4174.28,Flipkart,Delhi,PENDING
TXN735077,2026-06-10 18:30:06,USR3707,USR7099,30103.78,BigBasket,Chennai,PENDING
TXN494719,2026-06-10 18:30:06,USR5535,USR1123,12339.62,Amazon,Bangalore,FAILED
TXN178197,2026-06-10 18:30:06,USR5485,USR7645,14040.67,Zomato,Hyderabad,SUCCESS
TXN616019,2026-06-10 18:30:06,USR7929,USR4433,15312.29,Amazon,Pune,PENDING
TXN370979,2026-06-10 18:30:06,USR2674,USR7172,27988.52,Myntra,Mumbai,FAILED
TXN973788,2026-06-10 18:30:06,USR5245,USR8086,26186.27,Flipkart,Chennai,PENDING
TXN912869,2026-06-10 18:30:06,USR1815,USR1294,15626.23,Zomato,Pune,PENDING
TXN868760,2026-06-10 18:30:06,USR8543,USR3087,40491.06,Swiggy,Bangalore,PENDING
TXN629145,2026-06-10 18:30:06,USR9196,USR4396,42963.24,Zomato,Chennai,FAILED
TXN658295,2026-06-10 18:30:06,USR6585,USR2423,24414.59,BigBasket,Chennai,FAILED
TXN873531,2026-06-10 18:30:06,USR3541,USR6224,27594.58,Myntra,Pune,FAILED
TXN360196,2026-06-10 18:30:06,USR1171,USR5125,26744.27,Amazon,Pune,PENDING
TXN388797,2026-06-10 18:30:06,USR1626,USR9623,23924.11,Amazon,Pune,FAILED
TXN365132,2026-06-10 18:30:06,USR3385,USR9214,6877.07,Myntra,Bangalore,SUCCESS
TXN997245,2026-06-10 18:30:06,USR5967,USR2308,28760.36,Zomato,Hyderabad,PENDING
TXN390113,2026-06-10 18:30:06,USR5450,USR2732,26147.49,Flipkart,Mumbai,FAILED
TXN145871,2026-06-10 18:30:06,USR8231,USR3154,18304.19,Amazon,Pune,PENDING
TXN412755,2026-06-10 18:30:06,USR6244,USR4349,5578.06,Flipkart,Hyderabad,FAILED
TXN211096,2026-06-10 18:30:06,USR4971,USR7064,22759.59,Zomato,Mumbai,SUCCESS
TXN374162,2026-06-10 18:30:06,USR7937,USR4463,13259.03,Amazon,Delhi,SUCCESS
TXN440755,2026-06-10 18:30:06,USR6814,USR7355,16435.82,Zomato,Bangalore,FAILED
TXN604755,2026-06-10 18:30:06,USR8011,USR5998,43747.68,IRCTC,Pune,PENDING
TXN410488,2026-06-10 18:30:06,USR9718,USR4578,26092.78,Zomato,Hyderabad,FAILED
TXN576191,2026-06-10 18:30:06,USR4991,USR3923,47219.91,Swiggy,Pune,SUCCESS
TXN358685,2026-06-10 18:30:06,USR5961,USR6662,17136.11,Swiggy,Bangalore,SUCCESS
TXN149811,2026-06-10 18:30:06,USR1027,USR7584,363.76,Myntra,Chennai,FAILED
TXN889407,2026-06-10 18:30:06,USR7547,USR6166,19213.4,IRCTC,Mumbai,SUCCESS
TXN843211,2026-06-10 18:30:06,USR7813,USR3488,4265.56,IRCTC,Pune,FAILED
TXN241867,2026-06-10 18:30:06,USR4591,USR9349,38222.53,Flipkart,Hyderabad,PENDING
TXN540179,2026-06-10 18:30:06,USR2451,USR7510,320.1,Zomato,Hyderabad,PENDING
TXN376494,2026-06-10 18:30:06,USR6373,USR5121,38155.9,BigBasket,Chennai,FAILED
TXN673321,2026-06-10 18:30:06,USR9459,USR3627,32162.49,IRCTC,Bangalore,PENDING
TXN137909,2026-06-10 18:30:06,USR1280,USR5886,11281.53,Zomato,Chennai,SUCCESS
TXN956415,2026-06-10 18:30:06,USR4093,USR8869,17883.98,Flipkart,Delhi,SUCCESS
TXN490308,2026-06-10 18:30:06,USR4147,USR7922,6857.4,BigBasket,Chennai,FAILED
TXN941606,2026-06-10 18:30:06,USR5095,USR9406,14713.69,Flipkart,Bangalore,PENDING
TXN875598,2026-06-10 18:30:06,USR6658,USR9565,5181.91,IRCTC,Mumbai,SUCCESS
TXN747478,2026-06-10 18:30:06,USR6339,USR7654,12158.43,Zomato,Pune,FAILED
TXN949227,2026-06-10 18:30:06,USR1725,USR1150,5424.28,Flipkart,Bangalore,SUCCESS
TXN120542,2026-06-10 18:30:06,USR6040,USR3273,17228.1,Myntra,Hyderabad,PENDING
TXN605720,2026-06-10 18:30:06,USR5782,USR2877,38734.36,BigBasket,Hyderabad,SUCCESS
TXN962768,2026-06-10 18:30:06,USR4041,USR7501,2427.48,Flipkart,Bangalore,SUCCESS
TXN784566,2026-06-10 18:30:06,USR9969,USR2516,48722.59,Zomato,Hyderabad,SUCCESS
TXN798584,2026-06-10 18:30:06,USR4542,USR4293,47610.38,Zomato,Bangalore,SUCCESS
TXN341604,2026-06-10 18:30:06,USR2529,USR4488,4035.16,BigBasket,Pune,FAILED
TXN960213,2026-06-10 18:30:06,USR9904,USR6045,37742.12,IRCTC,Mumbai,FAILED
TXN535366,2026-06-10 18:30:06,USR5472,USR6941,14112.72,Zomato,Bangalore,PENDING
TXN526339,2026-06-10 18:30:06,USR1981,USR7880,12463.31,Zomato,Bangalore,FAILED
TXN225001,2026-06-10 18:30:06,USR6380,USR7685,3320.12,IRCTC,Delhi,FAILED
TXN685287,2026-06-10 18:30:06,USR1223,USR8968,5113.54,Myntra,Chennai,FAILED
TXN782427,2026-06-10 18:30:06,USR5040,USR6994,43864.34,Flipkart,Hyderabad,FAILED
TXN966690,2026-06-10 18:30:06,USR6673,USR5908,36754.82,Flipkart,Chennai,FAILED
TXN159530,2026-06-10 18:30:06,USR1032,USR8294,664.76,Flipkart,Pune,FAILED
TXN945919,2026-06-10 18:30:06,USR1048,USR6943,2145.46,BigBasket,Bangalore,SUCCESS
TXN583742,2026-06-10 18:30:06,USR7090,USR3202,11387.95,Zomato,Bangalore,PENDING
TXN575466,2026-06-10 18:30:06,USR2017,USR9481,17694.69,Zomato,Hyderabad,FAILED
TXN995239,2026-06-10 18:30:06,USR6333,USR4886,47561.91,Amazon,Mumbai,FAILED
TXN631668,2026-06-10 18:30:06,USR4452,USR5909,23459.65,BigBasket,Bangalore,PENDING
TXN905853,2026-06-10 18:30:06,USR4467,USR5044,28920.24,Flipkart,Hyderabad,PENDING
TXN993281,2026-06-10 18:30:06,USR3199,USR8229,32701.45,Swiggy,Pune,PENDING
TXN535167,2026-06-10 18:30:06,USR1418,USR3912,28085.59,BigBasket,Pune,SUCCESS
TXN683779,2026-06-10 18:30:06,USR2748,USR6016,662.14,IRCTC,Mumbai,FAILED
TXN922715,2026-06-10 18:30:06,USR5389,USR8636,31881.1,Myntra,Hyderabad,SUCCESS
TXN823304,2026-06-10 18:30:06,USR6546,USR9599,29593.23,Flipkart,Mumbai,SUCCESS
TXN362122,2026-06-10 18:30:06,USR1265,USR5667,16607.59,Swiggy,Delhi,SUCCESS
TXN332059,2026-06-10 18:30:06,USR1841,USR2223,8932.39,BigBasket,Hyderabad,FAILED
TXN356089,2026-06-10 18:30:06,USR6582,USR3164,20322.4,Amazon,Chennai,PENDING
TXN548654,2026-06-10 18:30:06,USR9801,USR6666,23490.7,Myntra,Chennai,PENDING
TXN991218,2026-06-10 18:30:06,USR2874,USR2906,48167.28,BigBasket,Chennai,PENDING
TXN349564,2026-06-10 18:30:06,USR9746,USR8125,48449.33,Amazon,Pune,SUCCESS
TXN795568,2026-06-10 18:30:06,USR9099,USR1878,36213.97,Flipkart,Pune,FAILED
TXN912879,2026-06-10 18:30:06,USR6283,USR4720,36357.96,Flipkart,Pune,PENDING
TXN642551,2026-06-10 18:30:06,USR2867,USR7762,32552.65,Swiggy,Chennai,FAILED
TXN438807,2026-06-10 18:30:06,USR2475,USR4613,1822.52,Flipkart,Chennai,FAILED
TXN622998,2026-06-10 18:30:06,USR6465,USR2315,3979.52,BigBasket,Delhi,SUCCESS
TXN868290,2026-06-10 18:30:06,USR8384,USR5897,24453.19,Amazon,Pune,SUCCESS
TXN268892,2026-06-10 18:30:06,USR3507,USR7510,2516.11,BigBasket,Bangalore,PENDING
TXN888323,2026-06-10 18:30:06,USR6302,USR2759,44040.16,Myntra,Bangalore,PENDING
TXN552161,2026-06-10 18:30:06,USR2488,USR5591,9953.94,Flipkart,Pune,FAILED
TXN840887,2026-06-10 18:30:06,USR4352,USR4731,30642.51,Swiggy,Delhi,PENDING
TXN464689,2026-06-10 18:30:06,USR1433,USR4541,25157.26,Zomato,Mumbai,PENDING
TXN934355,2026-06-10 18:30:06,USR6514,USR5210,43785.19,Myntra,Mumbai,SUCCESS
TXN732625,2026-06-10 18:30:06,USR8836,USR6104,39738.26,Amazon,Bangalore,SUCCESS
TXN891217,2026-06-10 18:30:06,USR7376,USR9726,40364.59,Flipkart,Hyderabad,PENDING
TXN559100,2026-06-10 18:30:06,USR1884,USR7515,25721.66,Zomato,Hyderabad,FAILED
TXN817027,2026-06-10 18:30:06,USR9985,USR4843,21023.72,Swiggy,Hyderabad,FAILED
TXN886771,2026-06-10 18:30:06,USR2462,USR3737,40149.76,BigBasket,Mumbai,FAILED
TXN423699,2026-06-10 18:30:06,USR4543,USR5182,9067.25,Swiggy,Mumbai,FAILED
TXN518535,2026-06-10 18:30:06,USR5165,USR8764,20445.94,IRCTC,Mumbai,SUCCESS
TXN880562,2026-06-10 18:30:06,USR3565,USR4728,18040.79,IRCTC,Mumbai,SUCCESS
TXN535167,2026-06-10 18:30:06,USR2907,USR8557,1162.85,BigBasket,Pune,FAILED
TXN752758,2026-06-10 18:30:06,USR9075,USR6188,41101.15,IRCTC,Mumbai,FAILED
TXN665012,2026-06-10 18:30:06,USR3079,USR3955,4829.67,Myntra,Pune,FAILED
TXN567948,2026-06-10 18:30:06,USR3743,USR6026,48057.98,Zomato,Bangalore,FAILED
TXN938888,2026-06-10 18:30:06,USR7339,USR5797,20318.75,IRCTC,Chennai,FAILED
TXN241827,2026-06-10 18:30:06,USR1617,USR1322,35996.98,BigBasket,Delhi,FAILED
TXN102418,2026-06-10 18:30:06,USR9024,USR4803,42709.05,IRCTC,Pune,SUCCESS
TXN397111,2026-06-10 18:30:06,USR8449,USR8115,41535.6,Myntra,Hyderabad,FAILED
TXN475053,2026-06-10 18:30:06,USR4565,USR1587,1978.56,Swiggy,Delhi,SUCCESS
TXN520600,2026-06-10 18:30:06,USR1900,USR3937,25814.18,Zomato,Bangalore,FAILED
TXN902262,2026-06-10 18:30:06,USR3227,USR1916,4012.3,Amazon,Delhi,FAILED
TXN207226,2026-06-10 18:30:06,USR2005,USR2558,7785.08,Myntra,Hyderabad,SUCCESS
TXN489805,2026-06-10 18:30:06,USR6686,USR5051,25440.36,Zomato,Pune,PENDING
TXN348792,2026-06-10 18:30:06,USR2016,USR1832,6152.98,Swiggy,Pune,SUCCESS
TXN344972,2026-06-10 18:30:06,USR5863,USR1908,25686.97,Myntra,Delhi,FAILED
TXN797218,2026-06-10 18:30:06,USR3122,USR4929,38092.87,Swiggy,Chennai,SUCCESS
TXN725428,2026-06-10 18:30:06,USR6063,USR1472,17355.6,Amazon,Bangalore,PENDING
TXN590177,2026-06-10 18:30:06,USR5018,USR2204,1340.73,Zomato,Bangalore,FAILED
TXN237756,2026-06-10 18:30:06,USR8224,USR3207,39333.87,Amazon,Delhi,SUCCESS
TXN152295,2026-06-10 18:30:06,USR2043,USR8623,35777.34,Zomato,Bangalore,SUCCESS
TXN553189,2026-06-10 18:30:06,USR2382,USR2849,676.86,Swiggy,Delhi,SUCCESS
TXN909157,2026-06-10 18:30:06,USR1393,USR6807,18344.93,IRCTC,Pune,FAILED
TXN851187,2026-06-10 18:30:06,USR8547,USR4795,41620.01,Flipkart,Delhi,FAILED
TXN703854,2026-06-10 18:30:06,USR5854,USR7704,7451.75,Flipkart,Chennai,FAILED
TXN395496,2026-06-10 18:30:06,USR6973,USR2190,34468.57,Flipkart,Hyderabad,SUCCESS
TXN531694,2026-06-10 18:30:06,USR5914,USR8128,8044.49,Zomato,Bangalore,FAILED
TXN490582,2026-06-10 18:30:06,USR7745,USR1658,49709.45,BigBasket,Mumbai,PENDING
TXN732109,2026-06-10 18:30:06,USR6758,USR8941,43261.61,BigBasket,Hyderabad,FAILED
TXN463478,2026-06-10 18:30:06,USR7511,USR5489,38076.37,Flipkart,Mumbai,PENDING
TXN897038,2026-06-10 18:30:06,USR9856,USR2713,3581.35,Amazon,Pune,FAILED
TXN209348,2026-06-10 18:30:06,USR6424,USR8728,1142.02,Flipkart,Delhi,SUCCESS
TXN457275,2026-06-10 18:30:06,USR5583,USR3023,24286.45,Swiggy,Chennai,FAILED
TXN437510,2026-06-10 18:30:06,USR1877,USR9295,15639.98,Zomato,Pune,PENDING
TXN771591,2026-06-10 18:30:06,USR2094,USR1473,43673.86,Swiggy,Bangalore,SUCCESS
TXN772315,2026-06-10 18:30:06,USR3006,USR8932,29309.12,Flipkart,Delhi,PENDING
TXN101301,2026-06-10 18:30:06,USR1979,USR7128,27616.79,Amazon,Hyderabad,PENDING
TXN549272,2026-06-10 18:30:06,USR7675,USR7224,37262.05,BigBasket,Pune,SUCCESS
TXN985526,2026-06-10 18:30:06,USR3699,USR9172,24809.13,IRCTC,Chennai,SUCCESS
TXN717976,2026-06-10 18:30:06,USR9868,USR4783,42701.67,Swiggy,Bangalore,PENDING
TXN736054,2026-06-10 18:30:06,USR2342,USR7315,10223.98,Myntra,Pune,FAILED
TXN996249,2026-06-10 18:30:06,USR6293,USR9459,38537.28,Myntra,Bangalore,PENDING
TXN622402,2026-06-10 18:30:06,USR5470,USR5030,31261.28,IRCTC,Hyderabad,PENDING
TXN798721,2026-06-10 18:30:06,USR7998,USR4447,19432.13,IRCTC,Pune,FAILED
TXN961793,2026-06-10 18:30:06,USR2280,USR8671,14090.51,BigBasket,Bangalore,PENDING
TXN434323,2026-06-10 18:30:06,USR6528,USR2765,15134.75,Myntra,Mumbai,PENDING
TXN601000,2026-06-10 18:30:06,USR1237,USR2739,23254.25,Myntra,Hyderabad,PENDING
TXN342957,2026-06-10 18:30:06,USR7335,USR2112,19253.64,Flipkart,Delhi,PENDING
TXN759841,2026-06-10 18:30:06,USR8095,USR8437,47980.52,BigBasket,Hyderabad,PENDING
TXN354099,2026-06-10 18:30:06,USR6315,USR4235,41312.83,IRCTC,Hyderabad,PENDING
TXN146168,2026-06-10 18:30:06,USR3238,USR7281,43560.51,IRCTC,Delhi,PENDING
TXN262595,2026-06-10 18:30:06,USR1890,USR1360,41723.04,BigBasket,Pune,SUCCESS
TXN502418,2026-06-10 18:30:06,USR2187,USR7335,48356.35,IRCTC,Chennai,SUCCESS
TXN623379,2026-06-10 18:30:06,USR1525,USR7432,2507.72,Swiggy,Chennai,SUCCESS
TXN202717,2026-06-10 18:30:06,USR4167,USR6271,30829.53,Swiggy,Chennai,SUCCESS
TXN330210,2026-06-10 18:30:06,USR3200,USR1501,5916.68,Amazon,Mumbai,PENDING
TXN379517,2026-06-10 18:30:06,USR9892,USR3744,33113.1,Zomato,Chennai,FAILED
TXN216017,2026-06-10 18:30:06,USR6947,USR8241,25353.62,Amazon,Mumbai,FAILED
TXN513624,2026-06-10 18:30:06,USR5170,USR2375,21404.3,BigBasket,Hyderabad,SUCCESS
TXN727691,2026-06-10 18:30:06,USR3636,USR5471,35316.62,Zomato,Chennai,FAILED
TXN350239,2026-06-10 18:30:06,USR2909,USR8423,27392.58,IRCTC,Chennai,SUCCESS
TXN550662,2026-06-10 18:30:06,USR2367,USR7172,11397.6,Myntra,Hyderabad,FAILED
TXN458040,2026-06-10 18:30:06,USR7165,USR2388,15660.51,Myntra,Chennai,PENDING
TXN658832,2026-06-10 18:30:06,USR2072,USR1158,1769.53,Swiggy,Chennai,FAILED
TXN524568,2026-06-10 18:30:06,USR4381,USR7972,44140.42,BigBasket,Delhi,FAILED
TXN328310,2026-06-10 18:30:06,USR8570,USR4489,16036.86,Myntra,Delhi,PENDING
TXN306030,2026-06-10 18:30:06,USR6764,USR4589,21346.14,BigBasket,Chennai,SUCCESS
TXN485705,2026-06-10 18:30:06,USR5165,USR6717,16987.93,Swiggy,Delhi,PENDING
TXN515516,2026-06-10 18:30:06,USR7041,USR2562,7767.67,Myntra,Hyderabad,FAILED
TXN820675,2026-06-10 18:30:06,USR6924,USR5854,9150.96,Zomato,Hyderabad,FAILED
TXN413410,2026-06-10 18:30:06,USR8995,USR8793,47956.77,BigBasket,Pune,FAILED
TXN816720,2026-06-10 18:30:06,USR4648,USR7438,29783.22,Zomato,Pune,SUCCESS
TXN182960,2026-06-10 18:30:06,USR2258,USR5584,47582.39,Flipkart,Pune,FAILED
TXN914053,2026-06-10 18:30:06,USR2217,USR9725,18194.55,BigBasket,Hyderabad,FAILED
TXN862018,2026-06-10 18:30:06,USR6459,USR2254,41978.1,BigBasket,Pune,PENDING
TXN555687,2026-06-10 18:30:06,USR6916,USR2538,41861.45,Myntra,Mumbai,PENDING
TXN589541,2026-06-10 18:30:06,USR5700,USR6846,31113.62,BigBasket,Mumbai,SUCCESS
TXN933464,2026-06-10 18:30:06,USR9758,USR2715,19317.36,BigBasket,Mumbai,PENDING
TXN482422,2026-06-10 18:30:06,USR3246,USR4445,44486.92,BigBasket,Chennai,SUCCESS
TXN183425,2026-06-10 18:30:06,USR2249,USR9678,16721.24,Flipkart,Bangalore,SUCCESS
TXN635868,2026-06-10 18:30:06,USR1379,USR6209,22762.77,Flipkart,Hyderabad,SUCCESS
TXN757938,2026-06-10 18:30:06,USR1929,USR6207,26867.24,Zomato,Pune,SUCCESS
TXN945729,2026-06-10 18:30:06,USR7560,USR7807,45723.05,BigBasket,Pune,FAILED
TXN965355,2026-06-10 18:30:06,USR6347,USR1017,14296.83,BigBasket,Hyderabad,FAILED
TXN645274,2026-06-10 18:30:06,USR2984,USR1163,18056.19,Zomato,Bangalore,SUCCESS
TXN945203,2026-06-10 18:30:06,USR8288,USR6035,37303.19,Zomato,Bangalore,SUCCESS
TXN113238,2026-06-10 18:30:06,USR3344,USR7393,42227.04,IRCTC,Pune,PENDING
TXN577702,2026-06-10 18:30:06,USR3840,USR4108,25544.53,IRCTC,Delhi,FAILED
TXN315857,2026-06-10 18:30:06,USR2647,USR2445,6752.45,Flipkart,Bangalore,FAILED
TXN344146,2026-06-10 18:30:06,USR6766,USR2793,43726.51,Swiggy,Pune,SUCCESS
TXN305195,2026-06-10 18:30:06,USR3001,USR7919,24987.16,Amazon,Pune,FAILED
TXN108061,2026-06-10 18:30:06,USR5283,USR7257,26313.5,BigBasket,Chennai,SUCCESS
TXN996075,2026-06-10 18:30:06,USR1257,USR3476,8039.68,Zomato,Bangalore,PENDING
TXN135156,2026-06-10 18:30:06,USR8823,USR9428,4789.4,IRCTC,Mumbai,FAILED
TXN276811,2026-06-10 18:30:06,USR6908,USR5389,27027.34,Flipkart,Hyderabad,PENDING
TXN377440,2026-06-10 18:30:06,USR4383,USR8053,20626.91,BigBasket,Delhi,FAILED
TXN974975,2026-06-10 18:30:06,USR4462,USR9335,7308.09,Zomato,Hyderabad,PENDING
TXN815783,2026-06-10 18:30:06,USR7352,USR1694,4493.6,IRCTC,Chennai,PENDING
TXN994159,2026-06-10 18:30:06,USR3274,USR5591,4949.84,Amazon,Chennai,FAILED
TXN130033,2026-06-10 18:30:06,USR5576,USR5681,29280.98,Flipkart,Chennai,SUCCESS
TXN553854,2026-06-10 18:30:06,USR5851,USR6849,45066.43,Flipkart,Chennai,PENDING
TXN758307,2026-06-10 18:30:06,USR4099,USR4815,16242.13,IRCTC,Mumbai,FAILED
TXN937887,2026-06-10 18:30:06,USR3404,USR8726,12107.32,IRCTC,Chennai,SUCCESS
TXN127737,2026-06-10 18:30:06,USR1227,USR5807,35407.46,IRCTC,Mumbai,PENDING
TXN627528,2026-06-10 18:30:06,USR8510,USR8589,12259.39,Swiggy,Chennai,SUCCESS
TXN569306,2026-06-10 18:30:06,USR2874,USR2665,40956.85,Flipkart,Hyderabad,SUCCESS
TXN598768,2026-06-10 18:30:06,USR7226,USR3212,23434.72,IRCTC,Bangalore,PENDING
TXN771173,2026-06-10 18:30:06,USR9037,USR8529,37858.0,Swiggy,Chennai,FAILED
TXN352362,2026-06-10 18:30:06,USR5560,USR7689,44244.69,Zomato,Delhi,SUCCESS
TXN972962,2026-06-10 18:30:06,USR9527,USR3210,30265.43,Zomato,Pune,SUCCESS
TXN576724,2026-06-10 18:30:06,USR3143,USR6195,13206.01,Myntra,Pune,FAILED
TXN746193,2026-06-10 18:30:06,USR4568,USR8602,49215.65,IRCTC,Mumbai,PENDING
TXN100251,2026-06-10 18:30:06,USR8309,USR1611,2308.04,Myntra,Mumbai,PENDING
TXN278820,2026-06-10 18:30:06,USR7233,USR3386,31160.98,Swiggy,Mumbai,SUCCESS
TXN397973,2026-06-10 18:30:06,USR8127,USR1733,4959.69,Zomato,Chennai,SUCCESS
TXN757233,2026-06-10 18:30:06,USR5738,USR5477,49138.87,Zomato,Chennai,SUCCESS
TXN546055,2026-06-10 18:30:06,USR9973,USR7292,12417.2,BigBasket,Chennai,PENDING
TXN553423,2026-06-10 18:30:06,USR1130,USR9596,27869.7,Amazon,Bangalore,SUCCESS
TXN968680,2026-06-10 18:30:06,USR3202,USR8583,33067.18,IRCTC,Delhi,PENDING
TXN808174,2026-06-10 18:30:06,USR3229,USR2282,5717.05,BigBasket,Hyderabad,SUCCESS
TXN766996,2026-06-10 18:30:06,USR1849,USR6200,1148.61,Flipkart,Chennai,SUCCESS
TXN597355,2026-06-10 18:30:06,USR4956,USR3595,10872.22,Myntra,Bangalore,PENDING
TXN563217,2026-06-10 18:30:06,USR1223,USR5528,20541.92,Myntra,Mumbai,SUCCESS
TXN566917,2026-06-10 18:30:06,USR7307,USR5651,15998.55,Zomato,Chennai,PENDING
TXN446984,2026-06-10 18:30:06,USR1438,USR8752,10677.58,BigBasket,Chennai,FAILED
TXN412047,2026-06-10 18:30:06,USR8253,USR7121,10693.57,IRCTC,Chennai,SUCCESS
TXN503716,2026-06-10 18:30:06,USR1343,USR2788,1794.57,Amazon,Delhi,PENDING
TXN652804,2026-06-10 18:30:06,USR9124,USR2937,4986.89,BigBasket,Mumbai,FAILED
TXN113065,2026-06-10 18:30:06,USR6690,USR1422,35122.02,Amazon,Hyderabad,PENDING
TXN613459,2026-06-10 18:30:06,USR5751,USR1735,2508.31,Myntra,Chennai,FAILED
TXN952244,2026-06-10 18:30:06,USR5342,USR2218,6070.09,Myntra,Chennai,PENDING
TXN805818,2026-06-10 18:30:06,USR4581,USR7081,16111.56,Myntra,Bangalore,SUCCESS
TXN159546,2026-06-10 18:30:06,USR5067,USR5892,31646.52,Swiggy,Mumbai,FAILED
TXN974043,2026-06-10 18:30:06,USR5741,USR3930,34188.73,Swiggy,Hyderabad,FAILED
TXN282094,2026-06-10 18:30:06,USR3839,USR5401,23297.48,BigBasket,Delhi,SUCCESS
TXN719677,2026-06-10 18:30:06,USR7055,USR8562,49635.41,Flipkart,Mumbai,SUCCESS
TXN340773,2026-06-10 18:30:06,USR1088,USR7668,6854.92,Zomato,Pune,PENDING
TXN836846,2026-06-10 18:30:06,USR6929,USR8577,5239.31,Swiggy,Hyderabad,SUCCESS
TXN200105,2026-06-10 18:30:06,USR6049,USR2961,9597.08,IRCTC,Delhi,PENDING
TXN444787,2026-06-10 18:30:06,USR6749,USR1611,33890.97,IRCTC,Chennai,SUCCESS
TXN850338,2026-06-10 18:30:06,USR6331,USR4546,35472.6,Amazon,Delhi,FAILED
TXN977968,2026-06-10 18:30:06,USR7919,USR2626,26938.63,Myntra,Mumbai,SUCCESS
TXN378090,2026-06-10 18:30:06,USR8128,USR7335,24944.81,Flipkart,Mumbai,SUCCESS
TXN142291,2026-06-10 18:30:06,USR2876,USR7497,930.96,Zomato,Mumbai,PENDING
TXN163049,2026-06-10 18:30:06,USR4754,USR3463,11499.53,Myntra,Pune,PENDING
TXN829901,2026-06-10 18:30:06,USR1303,USR4906,32384.49,Flipkart,Delhi,PENDING
TXN167960,2026-06-10 18:30:06,USR2545,USR8475,32284.23,Amazon,Bangalore,SUCCESS
TXN823900,2026-06-10 18:30:06,USR3005,USR3184,20442.52,Flipkart,Hyderabad,FAILED
TXN303747,2026-06-10 18:30:06,USR3018,USR7529,6724.62,Zomato,Bangalore,SUCCESS
TXN307233,2026-06-10 18:30:06,USR2331,USR2680,5674.73,Flipkart,Delhi,SUCCESS
TXN426153,2026-06-10 18:30:06,USR5176,USR2592,35338.18,Flipkart,Mumbai,FAILED
TXN381617,2026-06-10 18:30:06,USR4243,USR5363,6206.53,BigBasket,Mumbai,SUCCESS
TXN292063,2026-06-10 18:30:06,USR2651,USR3257,19012.32,Myntra,Hyderabad,FAILED
TXN901678,2026-06-10 18:30:06,USR7129,USR6409,21528.37,Swiggy,Chennai,PENDING
TXN136196,2026-06-10 18:30:06,USR7387,USR4160,32316.43,Swiggy,Pune,SUCCESS
TXN774679,2026-06-10 18:30:06,USR8118,USR6500,25683.74,Amazon,Delhi,SUCCESS
TXN950925,2026-06-10 18:30:06,USR8686,USR5594,37853.05,Flipkart,Bangalore,SUCCESS
TXN390849,2026-06-10 18:30:06,USR8029,USR2794,26770.73,BigBasket,Bangalore,FAILED
TXN791190,2026-06-10 18:30:06,USR1339,USR1221,34753.82,Myntra,Mumbai,SUCCESS
TXN710480,2026-06-10 18:30:06,USR2476,USR7595,32599.38,Flipkart,Delhi,SUCCESS
TXN950626,2026-06-10 18:30:06,USR7491,USR8530,10919.55,Amazon,Bangalore,FAILED
TXN395251,2026-06-10 18:30:06,USR6573,USR1798,12138.86,BigBasket,Hyderabad,PENDING
TXN643375,2026-06-10 18:30:06,USR5125,USR3616,11724.24,Flipkart,Pune,PENDING
TXN113905,2026-06-10 18:30:06,USR3450,USR2217,26610.91,IRCTC,Chennai,PENDING
TXN363703,2026-06-10 18:30:06,USR9396,USR3606,20289.54,Myntra,Bangalore,PENDING
TXN998272,2026-06-10 18:30:06,USR9464,USR5886,8445.07,IRCTC,Pune,SUCCESS
TXN148272,2026-06-10 18:30:06,USR1914,USR1963,4657.2,Amazon,Pune,PENDING
TXN110473,2026-06-10 18:30:06,USR5160,USR2801,14435.74,Swiggy,Chennai,PENDING
TXN704768,2026-06-10 18:30:06,USR3842,USR1390,11331.4,BigBasket,Pune,FAILED
TXN832269,2026-06-10 18:30:06,USR9123,USR6959,19242.53,IRCTC,Pune,FAILED
TXN526293,2026-06-10 18:30:06,USR1124,USR9976,16.82,Myntra,Mumbai,SUCCESS
TXN442097,2026-06-10 18:30:06,USR4250,USR4179,29898.87,Swiggy,Hyderabad,SUCCESS
TXN369725,2026-06-10 18:30:06,USR8003,USR4809,30945.84,Zomato,Chennai,PENDING
TXN445120,2026-06-10 18:30:06,USR2116,USR6211,43175.13,IRCTC,Chennai,SUCCESS
TXN760472,2026-06-10 18:30:06,USR1176,USR2800,49984.69,Zomato,Pune,SUCCESS
TXN362263,2026-06-10 18:30:06,USR3562,USR4164,11536.43,IRCTC,Mumbai,PENDING
TXN431163,2026-06-10 18:30:06,USR6041,USR3380,3461.27,IRCTC,Chennai,PENDING
TXN890607,2026-06-10 18:30:06,USR7492,USR5899,30057.67,Myntra,Chennai,PENDING
TXN205084,2026-06-10 18:30:06,USR4990,USR2061,21061.97,Amazon,Bangalore,PENDING
TXN257501,2026-06-10 18:30:06,USR4509,USR6023,12789.59,Myntra,Chennai,PENDING
TXN168029,2026-06-10 18:30:06,USR8123,USR2760,6452.39,BigBasket,Delhi,FAILED
TXN509488,2026-06-10 18:30:06,USR6580,USR7788,44810.32,Amazon,Bangalore,SUCCESS
TXN671639,2026-06-10 18:30:06,USR7248,USR6550,28424.03,Myntra,Mumbai,FAILED
TXN611635,2026-06-10 18:30:06,USR9116,USR6031,18767.44,Flipkart,Chennai,SUCCESS
TXN925831,2026-06-10 18:30:06,USR3385,USR2740,1390.25,IRCTC,Pune,FAILED
TXN692200,2026-06-10 18:30:06,USR6699,USR8093,372.17,Amazon,Hyderabad,SUCCESS
TXN485795,2026-06-10 18:30:06,USR2419,USR4692,44210.38,IRCTC,Pune,SUCCESS
TXN818469,2026-06-10 18:30:06,USR2242,USR2966,34518.99,Zomato,Bangalore,SUCCESS
TXN486165,2026-06-10 18:30:06,USR9656,USR3854,29556.83,BigBasket,Hyderabad,PENDING
TXN908058,2026-06-10 18:30:06,USR9800,USR8328,30615.97,Flipkart,Mumbai,SUCCESS
TXN143782,2026-06-10 18:30:06,USR5710,USR3517,29103.99,IRCTC,Hyderabad,SUCCESS
TXN315853,2026-06-10 18:30:06,USR2039,USR8474,285.63,Flipkart,Pune,FAILED
TXN501282,2026-06-10 18:30:06,USR7365,USR9588,30149.64,Flipkart,Chennai,SUCCESS
TXN574970,2026-06-10 18:30:06,USR3397,USR6056,49274.3,BigBasket,Bangalore,PENDING
TXN389531,2026-06-10 18:30:06,USR5811,USR5515,12835.78,Myntra,Delhi,FAILED
TXN933291,2026-06-10 18:30:06,USR4221,USR6707,2175.43,Amazon,Bangalore,PENDING
TXN933344,2026-06-10 18:30:06,USR9821,USR8982,35576.03,IRCTC,Pune,SUCCESS
TXN186115,2026-06-10 18:30:06,USR4073,USR6302,31545.18,Swiggy,Bangalore,PENDING
TXN424912,2026-06-10 18:30:06,USR9656,USR5306,37985.02,Flipkart,Hyderabad,PENDING
TXN614523,2026-06-10 18:30:06,USR9600,USR1948,29203.94,Amazon,Pune,SUCCESS
TXN831550,2026-06-10 18:30:06,USR8993,USR7115,26520.96,IRCTC,Delhi,FAILED
TXN543391,2026-06-10 18:30:06,USR1052,USR8955,10950.1,Myntra,Pune,PENDING
TXN428134,2026-06-10 18:30:06,USR9376,USR1594,40975.1,Amazon,Hyderabad,SUCCESS
TXN539220,2026-06-10 18:30:06,USR9532,USR8173,32817.5,Flipkart,Delhi,FAILED
TXN508073,2026-06-10 18:30:06,USR8637,USR9535,37384.37,Zomato,Chennai,SUCCESS
TXN687094,2026-06-10 18:30:06,USR1860,USR7869,18227.73,BigBasket,Chennai,PENDING
TXN255665,2026-06-10 18:30:06,USR2768,USR8909,5933.47,Amazon,Mumbai,SUCCESS
TXN998837,2026-06-10 18:30:06,USR7832,USR2022,48268.89,Myntra,Hyderabad,FAILED
TXN489856,2026-06-10 18:30:06,USR8983,USR1124,11679.0,BigBasket,Hyderabad,SUCCESS
TXN329627,2026-06-10 18:30:06,USR1073,USR8064,22610.74,BigBasket,Hyderabad,SUCCESS
TXN449191,2026-06-10 18:30:06,USR6125,USR5357,7518.51,Amazon,Hyderabad,FAILED
TXN491789,2026-06-10 18:30:06,USR3701,USR3328,29263.16,Flipkart,Hyderabad,PENDING
TXN430719,2026-06-10 18:30:06,USR7820,USR4846,35682.53,Zomato,Pune,PENDING
TXN949665,2026-06-10 18:30:06,USR4322,USR8581,8887.43,Flipkart,Mumbai,SUCCESS
TXN715854,2026-06-10 18:30:06,USR8543,USR1222,10038.34,Zomato,Chennai,PENDING
TXN512240,2026-06-10 18:30:06,USR4368,USR1130,41289.43,Flipkart,Mumbai,SUCCESS
TXN132878,2026-06-10 18:30:06,USR6625,USR9212,43787.48,Zomato,Pune,FAILED
TXN819813,2026-06-10 18:30:06,USR6118,USR9348,35854.62,Flipkart,Chennai,PENDING
TXN591719,2026-06-10 18:30:06,USR1962,USR4935,14341.14,Zomato,Chennai,SUCCESS
TXN914216,2026-06-10 18:30:06,USR2932,USR4770,10599.94,Swiggy,Chennai,PENDING
TXN672051,2026-06-10 18:30:06,USR6208,USR9619,47753.22,Zomato,Hyderabad,SUCCESS
TXN536664,2026-06-10 18:30:06,USR7702,USR4015,38497.06,Zomato,Bangalore,FAILED
TXN318311,2026-06-10 18:30:06,USR9777,USR5063,34954.04,Amazon,Hyderabad,PENDING
TXN835260,2026-06-10 18:30:06,USR7582,USR3331,41251.12,BigBasket,Chennai,PENDING
TXN354801,2026-06-10 18:30:06,USR1431,USR4159,7162.92,BigBasket,Chennai,SUCCESS
TXN621518,2026-06-10 18:30:06,USR6122,USR6203,10214.84,Amazon,Delhi,FAILED
TXN338779,2026-06-10 18:30:06,USR8402,USR4553,36435.36,Myntra,Chennai,FAILED
TXN984700,2026-06-10 18:30:06,USR9438,USR6395,38687.01,Flipkart,Bangalore,SUCCESS
TXN645944,2026-06-10 18:30:06,USR9879,USR3341,22496.73,Flipkart,Pune,FAILED
TXN845942,2026-06-10 18:30:06,USR1550,USR8317,24927.7,IRCTC,Bangalore,SUCCESS
TXN149201,2026-06-10 18:30:06,USR5264,USR5423,39049.15,BigBasket,Hyderabad,PENDING
TXN540184,2026-06-10 18:30:06,USR6620,USR7108,11852.07,Swiggy,Bangalore,FAILED
TXN296840,2026-06-10 18:30:06,USR3012,USR1610,6079.57,Amazon,Chennai,FAILED
TXN378717,2026-06-10 18:30:06,USR4034,USR6310,39696.79,BigBasket,Mumbai,SUCCESS
TXN831121,2026-06-10 18:30:06,USR9743,USR9705,22117.03,IRCTC,Delhi,PENDING
TXN872806,2026-06-10 18:30:06,USR1650,USR5667,45893.61,Amazon,Chennai,SUCCESS
TXN359202,2026-06-10 18:30:06,USR8653,USR8110,14811.54,Swiggy,Delhi,SUCCESS
TXN882277,2026-06-10 18:30:06,USR5767,USR4013,31233.45,Zomato,Mumbai,PENDING
TXN224153,2026-06-10 18:30:06,USR3854,USR1894,5640.84,Myntra,Hyderabad,PENDING
TXN568679,2026-06-10 18:30:06,USR5057,USR8161,31553.88,BigBasket,Chennai,FAILED
TXN842099,2026-06-10 18:30:06,USR4220,USR4677,17620.08,Amazon,Pune,FAILED
TXN884994,2026-06-10 18:30:06,USR7964,USR7524,30500.33,Amazon,Delhi,PENDING
TXN888592,2026-06-10 18:30:06,USR7855,USR3207,10148.75,Flipkart,Hyderabad,SUCCESS
TXN330153,2026-06-10 18:30:06,USR9758,USR4020,42385.19,Zomato,Delhi,FAILED
TXN276589,2026-06-10 18:30:06,USR7439,USR7026,49246.28,IRCTC,Bangalore,SUCCESS
TXN708643,2026-06-10 18:30:06,USR3239,USR4559,3127.28,Amazon,Hyderabad,FAILED
TXN884081,2026-06-10 18:30:06,USR8456,USR5393,26726.25,Flipkart,Pune,SUCCESS
TXN992296,2026-06-10 18:30:06,USR6321,USR7712,25293.35,Amazon,Delhi,PENDING
TXN501235,2026-06-10 18:30:06,USR3669,USR9995,9672.7,Zomato,Bangalore,PENDING
TXN200017,2026-06-10 18:30:06,USR2927,USR6684,24835.54,Zomato,Chennai,PENDING
TXN572435,2026-06-10 18:30:06,USR2918,USR6453,14346.39,Swiggy,Bangalore,SUCCESS
TXN393707,2026-06-10 18:30:06,USR7333,USR2083,37884.5,Amazon,Mumbai,SUCCESS
TXN940373,2026-06-10 18:30:06,USR2482,USR7505,47849.8,IRCTC,Delhi,SUCCESS
TXN571481,2026-06-10 18:30:06,USR4473,USR8795,16477.6,Myntra,Bangalore,PENDING
TXN491466,2026-06-10 18:30:06,USR9773,USR7379,40655.57,IRCTC,Delhi,SUCCESS
TXN620014,2026-06-10 18:30:06,USR1814,USR4482,2232.29,Flipkart,Mumbai,PENDING
TXN398568,2026-06-10 18:30:06,USR8553,USR5487,48265.1,Zomato,Mumbai,SUCCESS
TXN330487,2026-06-10 18:30:06,USR1011,USR8381,38383.44,Zomato,Bangalore,SUCCESS
TXN749301,2026-06-10 18:30:06,USR1988,USR1996,40099.63,Flipkart,Hyderabad,PENDING
TXN814938,2026-06-10 18:30:06,USR3894,USR2750,11181.73,IRCTC,Bangalore,SUCCESS
TXN368258,2026-06-10 18:30:06,USR6265,USR3091,7227.45,BigBasket,Pune,FAILED
TXN733068,2026-06-10 18:30:06,USR6654,USR1556,19131.37,Swiggy,Delhi,FAILED
TXN663929,2026-06-10 18:30:06,USR8519,USR7555,22773.0,BigBasket,Pune,PENDING
TXN519849,2026-06-10 18:30:06,USR5769,USR1260,11142.66,BigBasket,Hyderabad,SUCCESS
TXN140004,2026-06-10 18:30:06,USR7008,USR7389,16208.52,Zomato,Pune,SUCCESS
TXN143528,2026-06-10 18:30:06,USR7650,USR4729,16666.58,Amazon,Chennai,SUCCESS
TXN198648,2026-06-10 18:30:06,USR2229,USR1076,25426.78,Myntra,Pune,FAILED
TXN764189,2026-06-10 18:30:06,USR6360,USR8480,11447.4,Flipkart,Pune,PENDING
TXN139717,2026-06-10 18:30:06,USR4328,USR8364,11353.13,Swiggy,Chennai,PENDING
TXN836146,2026-06-10 18:30:06,USR4033,USR3521,23919.31,Flipkart,Mumbai,SUCCESS
TXN984259,2026-06-10 18:30:06,USR3195,USR4891,23601.11,Swiggy,Chennai,SUCCESS
TXN208131,2026-06-10 18:30:06,USR9734,USR9165,35710.3,IRCTC,Chennai,FAILED
TXN556077,2026-06-10 18:30:06,USR9456,USR6795,36615.87,Swiggy,Delhi,SUCCESS
TXN239917,2026-06-10 18:30:06,USR5893,USR1174,7164.96,BigBasket,Bangalore,PENDING
TXN571061,2026-06-10 18:30:06,USR3836,USR2535,15887.48,Swiggy,Mumbai,FAILED
TXN481225,2026-06-10 18:30:06,USR2670,USR7451,36689.21,Flipkart,Pune,FAILED
TXN361601,2026-06-10 18:30:06,USR2314,USR2669,3867.25,IRCTC,Delhi,FAILED
TXN556827,2026-06-10 18:30:06,USR2669,USR2830,17093.46,Zomato,Pune,SUCCESS
TXN261773,2026-06-10 18:30:06,USR5925,USR4806,37536.72,Zomato,Bangalore,PENDING
TXN733387,2026-06-10 18:30:06,USR4556,USR2881,49921.67,IRCTC,Bangalore,PENDING
TXN653446,2026-06-10 18:30:06,USR8400,USR8222,19603.03,Swiggy,Hyderabad,PENDING
TXN536957,2026-06-10 18:30:06,USR1989,USR6176,8189.69,Swiggy,Hyderabad,PENDING
TXN684516,2026-06-10 18:30:06,USR4352,USR5410,13380.71,BigBasket,Delhi,SUCCESS
TXN905838,2026-06-10 18:30:06,USR1217,USR9624,14980.1,Flipkart,Mumbai,PENDING
TXN683899,2026-06-10 18:30:06,USR7320,USR8576,35476.03,Flipkart,Chennai,SUCCESS
TXN849427,2026-06-10 18:30:06,USR3191,USR7133,16950.25,IRCTC,Hyderabad,SUCCESS
TXN540209,2026-06-10 18:30:06,USR7898,USR7646,17789.25,Amazon,Delhi,FAILED
TXN408315,2026-06-10 18:30:06,USR4477,USR2396,48716.95,Myntra,Chennai,SUCCESS
TXN506984,2026-06-10 18:30:06,USR2006,USR3680,24247.1,Zomato,Mumbai,PENDING
TXN966086,2026-06-10 18:30:06,USR5336,USR6266,5258.62,IRCTC,Pune,PENDING
TXN648251,2026-06-10 18:30:06,USR3345,USR8846,15445.34,Zomato,Bangalore,SUCCESS
TXN946223,2026-06-10 18:30:06,USR9910,USR1379,15676.79,BigBasket,Mumbai,SUCCESS
TXN330388,2026-06-10 18:30:06,USR2709,USR8510,46601.57,BigBasket,Hyderabad,FAILED
TXN844910,2026-06-10 18:30:06,USR6115,USR8661,48115.27,Amazon,Bangalore,PENDING
TXN711710,2026-06-10 18:30:06,USR5335,USR3579,44599.36,BigBasket,Delhi,SUCCESS
TXN664781,2026-06-10 18:30:06,USR5687,USR9094,15246.62,Amazon,Delhi,FAILED
TXN801365,2026-06-10 18:30:06,USR8789,USR8451,13477.05,Amazon,Mumbai,PENDING
TXN975698,2026-06-10 18:30:06,USR2762,USR3428,1395.43,Flipkart,Delhi,FAILED
TXN158219,2026-06-10 18:30:06,USR3249,USR5312,28761.54,IRCTC,Chennai,FAILED
TXN192844,2026-06-10 18:30:06,USR6891,USR6572,24406.51,IRCTC,Mumbai,SUCCESS
TXN971574,2026-06-10 18:30:06,USR9629,USR2757,41717.65,IRCTC,Pune,FAILED
TXN375504,2026-06-10 18:30:06,USR5104,USR3108,22378.05,Myntra,Bangalore,FAILED
TXN440192,2026-06-10 18:30:06,USR8407,USR6914,11643.11,Myntra,Bangalore,PENDING
TXN320320,2026-06-10 18:30:06,USR8188,USR4880,30074.73,BigBasket,Delhi,PENDING
TXN396182,2026-06-10 18:30:06,USR9090,USR5805,26880.48,IRCTC,Chennai,PENDING
TXN173034,2026-06-10 18:30:06,USR2296,USR9427,41169.64,Amazon,Delhi,PENDING
TXN698304,2026-06-10 18:30:06,USR6206,USR5165,12561.95,Flipkart,Chennai,PENDING
TXN148071,2026-06-10 18:30:06,USR8189,USR5243,5272.63,Flipkart,Hyderabad,FAILED
TXN444081,2026-06-10 18:30:06,USR7416,USR7836,26470.62,Amazon,Delhi,PENDING
TXN463894,2026-06-10 18:30:06,USR4720,USR9651,41907.58,Swiggy,Chennai,SUCCESS
TXN718630,2026-06-10 18:30:06,USR6154,USR7823,26092.35,Amazon,Mumbai,PENDING
TXN894636,2026-06-10 18:30:06,USR5642,USR2312,46836.14,BigBasket,Bangalore,SUCCESS
TXN668800,2026-06-10 18:30:06,USR6220,USR4910,27625.12,Myntra,Delhi,FAILED
TXN247239,2026-06-10 18:30:06,USR4030,USR9677,31798.12,BigBasket,Delhi,PENDING
TXN526542,2026-06-10 18:30:06,USR4566,USR9014,6770.88,BigBasket,Hyderabad,SUCCESS
TXN274519,2026-06-10 18:30:06,USR8887,USR3577,34124.6,IRCTC,Hyderabad,FAILED
TXN630884,2026-06-10 18:30:06,USR8038,USR9088,3447.56,Amazon,Bangalore,SUCCESS
TXN660702,2026-06-10 18:30:06,USR4549,USR5815,14286.39,Myntra,Delhi,SUCCESS
TXN904431,2026-06-10 18:30:06,USR1558,USR2742,21011.71,Amazon,Hyderabad,PENDING
TXN661709,2026-06-10 18:30:06,USR7256,USR2363,48201.9,BigBasket,Bangalore,SUCCESS
TXN112650,2026-06-10 18:30:06,USR2908,USR3922,30936.46,Swiggy,Mumbai,FAILED
TXN772239,2026-06-10 18:30:06,USR6106,USR9139,35967.76,BigBasket,Chennai,PENDING
TXN846186,2026-06-10 18:30:06,USR7301,USR8070,31192.43,IRCTC,Delhi,PENDING
TXN687573,2026-06-10 18:30:06,USR9667,USR6127,20554.24,IRCTC,Bangalore,SUCCESS
TXN396947,2026-06-10 18:30:06,USR1886,USR6194,46941.54,IRCTC,Pune,FAILED
TXN855588,2026-06-10 18:30:06,USR8467,USR3864,19325.02,Myntra,Hyderabad,FAILED
TXN437277,2026-06-10 18:30:06,USR6851,USR2764,28120.15,Zomato,Pune,SUCCESS
TXN276200,2026-06-10 18:30:06,USR3131,USR2255,22594.5,Myntra,Mumbai,SUCCESS
TXN469337,2026-06-10 18:30:06,USR3392,USR4600,19205.78,IRCTC,Delhi,FAILED
TXN561840,2026-06-10 18:30:06,USR7566,USR3097,9331.12,Zomato,Pune,PENDING
TXN351944,2026-06-10 18:30:06,USR1461,USR4561,1154.64,Swiggy,Delhi,PENDING
TXN997436,2026-06-10 18:30:06,USR5147,USR9905,11272.31,Zomato,Chennai,SUCCESS
TXN410032,2026-06-10 18:30:06,USR8294,USR9419,15721.19,Flipkart,Hyderabad,PENDING
TXN490157,2026-06-10 18:30:06,USR9383,USR4119,39497.83,IRCTC,Bangalore,PENDING
TXN109316,2026-06-10 18:30:06,USR9660,USR8412,21222.12,Swiggy,Bangalore,FAILED
TXN526025,2026-06-10 18:30:06,USR5420,USR7733,41626.05,Zomato,Pune,FAILED
TXN825763,2026-06-10 18:30:06,USR8495,USR8594,27086.95,Myntra,Pune,FAILED
TXN347622,2026-06-10 18:30:06,USR1539,USR9297,32064.12,IRCTC,Pune,FAILED
TXN633994,2026-06-10 18:30:06,USR7142,USR5285,23281.37,Amazon,Delhi,SUCCESS
TXN467083,2026-06-10 18:30:06,USR1445,USR6450,49365.21,Swiggy,Chennai,PENDING
TXN335011,2026-06-10 18:30:06,USR5004,USR1442,6881.19,Amazon,Mumbai,FAILED
TXN455476,2026-06-10 18:30:06,USR7389,USR8903,27039.87,Amazon,Hyderabad,FAILED
TXN743089,2026-06-10 18:30:06,USR1887,USR2331,29401.36,BigBasket,Hyderabad,PENDING
TXN161412,2026-06-10 18:30:06,USR5677,USR1917,70.92,IRCTC,Delhi,PENDING
TXN429408,2026-06-10 18:30:06,USR3057,USR3853,34694.26,BigBasket,Bangalore,SUCCESS
TXN178814,2026-06-10 18:30:06,USR6867,USR6770,42596.2,Myntra,Mumbai,PENDING
TXN830367,2026-06-10 18:30:06,USR9238,USR5098,42945.66,Zomato,Delhi,SUCCESS
TXN552107,2026-06-10 18:30:06,USR8146,USR3289,21686.84,BigBasket,Hyderabad,PENDING
TXN588908,2026-06-10 18:30:06,USR8848,USR9536,47755.83,IRCTC,Hyderabad,FAILED
TXN217597,2026-06-10 18:30:06,USR4950,USR4671,15828.51,BigBasket,Mumbai,SUCCESS
TXN588270,2026-06-10 18:30:06,USR8472,USR9972,48247.01,Swiggy,Delhi,FAILED
TXN581842,2026-06-10 18:30:06,USR3762,USR2835,18409.49,Swiggy,Pune,PENDING
TXN833171,2026-06-10 18:30:06,USR9265,USR2135,41148.67,Amazon,Bangalore,SUCCESS
TXN754779,2026-06-10 18:30:06,USR4516,USR7626,13329.16,Flipkart,Mumbai,PENDING
TXN365017,2026-06-10 18:30:06,USR1815,USR7485,566.98,Flipkart,Hyderabad,PENDING
TXN566394,2026-06-10 18:30:06,USR7897,USR9500,23806.57,BigBasket,Mumbai,FAILED
TXN924696,2026-06-10 18:30:06,USR3356,USR9333,1565.29,Swiggy,Delhi,FAILED
TXN205411,2026-06-10 18:30:06,USR2117,USR5329,49487.09,Myntra,Bangalore,FAILED
TXN217712,2026-06-10 18:30:06,USR9963,USR1079,24235.37,Flipkart,Pune,PENDING
TXN918880,2026-06-10 18:30:06,USR8713,USR3684,24472.6,Swiggy,Pune,FAILED
TXN822039,2026-06-10 18:30:06,USR2220,USR8548,24664.34,Amazon,Pune,SUCCESS
TXN620838,2026-06-10 18:30:06,USR2810,USR3905,25018.68,IRCTC,Hyderabad,PENDING
TXN876910,2026-06-10 18:30:06,USR6893,USR6755,45453.62,BigBasket,Pune,SUCCESS
TXN974606,2026-06-10 18:30:06,USR7978,USR4502,45714.41,Zomato,Chennai,FAILED
TXN740241,2026-06-10 18:30:06,USR3539,USR3988,19295.68,BigBasket,Delhi,FAILED
TXN960500,2026-06-10 18:30:06,USR5576,USR7515,39895.95,BigBasket,Hyderabad,SUCCESS
TXN434966,2026-06-10 18:30:06,USR2942,USR4943,4654.46,Flipkart,Hyderabad,SUCCESS
TXN329917,2026-06-10 18:30:06,USR3600,USR5957,36610.51,Myntra,Chennai,FAILED
TXN884451,2026-06-10 18:30:06,USR4338,USR4379,11778.27,Zomato,Chennai,PENDING
TXN492056,2026-06-10 18:30:06,USR8667,USR6522,23407.84,Swiggy,Delhi,PENDING
TXN923808,2026-06-10 18:30:06,USR5877,USR5810,29721.46,Swiggy,Chennai,PENDING
TXN932845,2026-06-10 18:30:06,USR7951,USR7039,45868.29,Swiggy,Delhi,SUCCESS
TXN199927,2026-06-10 18:30:06,USR1797,USR5914,23266.27,Amazon,Mumbai,FAILED
TXN971216,2026-06-10 18:30:06,USR5529,USR2091,42966.0,BigBasket,Bangalore,PENDING
TXN838134,2026-06-10 18:30:06,USR5897,USR1352,9613.98,IRCTC,Delhi,SUCCESS
TXN427837,2026-06-10 18:30:06,USR4385,USR5007,20701.46,Swiggy,Bangalore,PENDING
TXN707647,2026-06-10 18:30:06,USR9247,USR1207,33637.83,IRCTC,Pune,FAILED
TXN211529,2026-06-10 18:30:06,USR9678,USR1008,35569.94,Amazon,Mumbai,PENDING
TXN979681,2026-06-10 18:30:06,USR2287,USR6351,18003.0,IRCTC,Chennai,FAILED
TXN536365,2026-06-10 18:30:06,USR7260,USR1878,33088.51,Amazon,Mumbai,PENDING
TXN668339,2026-06-10 18:30:06,USR7439,USR7701,36532.56,Swiggy,Mumbai,PENDING
TXN894119,2026-06-10 18:30:06,USR2517,USR1457,14800.59,BigBasket,Hyderabad,FAILED
TXN904312,2026-06-10 18:30:06,USR9029,USR6452,28694.06,BigBasket,Bangalore,SUCCESS
TXN635178,2026-06-10 18:30:06,USR7047,USR2580,24990.71,Myntra,Chennai,SUCCESS
TXN805731,2026-06-10 18:30:06,USR1136,USR9817,37668.61,IRCTC,Chennai,PENDING
TXN195502,2026-06-10 18:30:06,USR8072,USR2769,19580.43,IRCTC,Chennai,FAILED
TXN716278,2026-06-10 18:30:06,USR2183,USR9391,20044.69,Myntra,Delhi,SUCCESS
TXN977498,2026-06-10 18:30:06,USR6938,USR7074,27308.52,Swiggy,Delhi,SUCCESS
TXN555225,2026-06-10 18:30:06,USR4089,USR9056,28852.29,IRCTC,Bangalore,FAILED
TXN219862,2026-06-10 18:30:06,USR8200,USR8072,22867.33,Flipkart,Hyderabad,FAILED
TXN227278,2026-06-10 18:30:06,USR7300,USR1056,46013.71,Zomato,Delhi,FAILED
TXN839771,2026-06-10 18:30:06,USR9368,USR3424,43708.4,BigBasket,Hyderabad,PENDING
TXN343904,2026-06-10 18:30:06,USR3553,USR2665,1496.64,Swiggy,Delhi,SUCCESS
TXN305550,2026-06-10 18:30:06,USR5406,USR5066,43135.9,Myntra,Mumbai,FAILED
TXN675246,2026-06-10 18:30:06,USR7720,USR2631,49709.26,Amazon,Bangalore,FAILED
TXN367066,2026-06-10 18:30:06,USR4439,USR4636,34235.32,Myntra,Mumbai,PENDING
TXN329246,2026-06-10 18:30:06,USR2722,USR8451,156.39,Myntra,Bangalore,PENDING
TXN946775,2026-06-10 18:30:06,USR5517,USR9720,14143.55,Flipkart,Mumbai,SUCCESS
TXN240111,2026-06-10 18:30:06,USR3564,USR2453,35315.0,Amazon,Delhi,PENDING
TXN289681,2026-06-10 18:30:06,USR9317,USR3410,18330.57,Swiggy,Pune,PENDING
TXN742229,2026-06-10 18:30:06,USR1351,USR3029,44734.22,Zomato,Pune,FAILED
TXN395902,2026-06-10 18:30:06,USR9984,USR5510,25556.91,Flipkart,Pune,PENDING
TXN117820,2026-06-10 18:30:06,USR1136,USR2603,19667.33,Myntra,Delhi,FAILED
TXN173477,2026-06-10 18:30:06,USR5348,USR9384,34665.16,Amazon,Bangalore,FAILED
TXN420319,2026-06-10 18:30:06,USR9839,USR1541,6399.39,Amazon,Hyderabad,SUCCESS
TXN498305,2026-06-10 18:30:06,USR8634,USR5405,34150.8,Amazon,Pune,PENDING
TXN692710,2026-06-10 18:30:06,USR6196,USR6024,18422.78,Swiggy,Pune,FAILED
TXN196246,2026-06-10 18:30:06,USR7451,USR1900,16916.22,IRCTC,Pune,SUCCESS
TXN628244,2026-06-10 18:30:06,USR5124,USR9468,3583.13,Myntra,Pune,PENDING
TXN383116,2026-06-10 18:30:06,USR1484,USR3971,17453.73,BigBasket,Mumbai,PENDING
TXN947874,2026-06-10 18:30:06,USR6750,USR3931,34591.11,Zomato,Chennai,SUCCESS
TXN612119,2026-06-10 18:30:06,USR4564,USR1592,42495.9,Myntra,Delhi,PENDING
TXN280242,2026-06-10 18:30:06,USR9774,USR4551,45012.85,Myntra,Pune,FAILED
TXN946534,2026-06-10 18:30:06,USR2449,USR7658,18630.08,IRCTC,Bangalore,FAILED
TXN985433,2026-06-10 18:30:06,USR9592,USR5110,41466.48,Zomato,Mumbai,SUCCESS
TXN221021,2026-06-10 18:30:06,USR5436,USR4981,5818.73,IRCTC,Mumbai,PENDING
TXN250253,2026-06-10 18:30:06,USR3395,USR3560,7842.87,Myntra,Bangalore,PENDING
TXN831240,2026-06-10 18:30:06,USR2486,USR1549,40023.92,Swiggy,Pune,FAILED
TXN619349,2026-06-10 18:30:06,USR4846,USR5306,40492.86,Swiggy,Pune,FAILED
TXN913041,2026-06-10 18:30:06,USR9555,USR8859,40781.42,IRCTC,Delhi,FAILED
TXN660312,2026-06-10 18:30:06,USR5307,USR1417,23909.86,Zomato,Hyderabad,FAILED
TXN938340,2026-06-10 18:30:06,USR8084,USR1586,47645.98,Flipkart,Mumbai,PENDING
TXN999105,2026-06-10 18:30:06,USR7889,USR8149,49502.71,IRCTC,Pune,PENDING
TXN968088,2026-06-10 18:30:06,USR9515,USR5911,8588.69,Zomato,Pune,PENDING
TXN795766,2026-06-10 18:30:06,USR5722,USR5397,32690.67,BigBasket,Chennai,PENDING
TXN314805,2026-06-10 18:30:06,USR5079,USR7134,44871.35,Amazon,Delhi,SUCCESS
TXN516784,2026-06-10 18:30:06,USR4337,USR6161,35171.53,Amazon,Delhi,SUCCESS
TXN100493,2026-06-10 18:30:06,USR2002,USR7871,43143.8,Amazon,Chennai,FAILED
TXN702267,2026-06-10 18:30:06,USR7216,USR3347,17255.42,Swiggy,Pune,FAILED
